uid,iid,rui
951,43,5
7001,21,5
7001,23,5
7001,26,4
7001,11,5
7001,8,5
7001,5,5
7001,50,5
7001,10,4
7001,13,3
7001,7,3
7001,33,4
7001,57,4
7001,22,4
7001,14,3
7001,58,5
7001,9,4
7001,65,5
7001,3,4
7001,36,4
7001,19,4
7001,38,4
7001,45,5
7001,40,4
7001,55,3
7001,29,4
7001,42,4
7001,46,4
7001,49,3
7001,122,3
7001,35,4
7001,43,3
7001,52,4
7001,119,5
7001,47,5
7001,62,4
7001,117,3
7001,87,4
7001,131,5
7001,48,5
7001,15,4
7001,138,3
7001,54,5
7001,44,4
3739,7,5
3739,33,4
3739,97,4
3739,55,4
3739,87,4
3739,28,5
3739,54,4
3739,138,4
3739,15,4
3739,80,5
951,39,5
951,110,5
7001,154,5
7001,67,5
7001,56,4
7001,155,4
7001,161,5
7001,102,4
2487,4,5
8167,10,3
8167,76,3
8167,83,4
8167,43,2
8167,42,4
8167,133,3
8167,63,3
8167,4,5
8167,5,4
8167,13,4
8167,32,3
8167,14,4
8167,138,3
8167,29,3
8167,125,5
8167,131,5
8167,7,3
8167,154,4
8167,93,3
8167,19,4
8167,37,3
8167,155,4
8167,161,4
8167,59,4
8167,87,5
8167,117,4
8167,36,4
8167,50,5
8167,85,4
8167,102,4
8167,2,2
8167,25,4
8167,33,3
8167,27,4
8167,45,4
8167,23,2
8167,21,4
8167,18,4
8167,24,4
8167,62,4
8167,57,3
951,83,5
951,9,1
951,63,5
951,32,5
951,14,5
951,7,5
951,131,4
951,48,5
951,19,5
951,116,3
951,65,5
951,113,5
951,155,3
951,161,4
951,37,5
951,59,5
951,117,5
951,129,5
951,119,5
951,50,5
951,85,3
951,102,5
951,70,4
951,54,4
951,122,4
951,100,4
5645,66,5
5645,48,5
5645,28,5
5645,36,4
5645,15,5
5645,71,5
5645,14,5
5645,129,5
5645,87,5
5645,138,5
5645,32,5
5645,29,5
5645,116,5
5645,125,5
5645,154,5
5645,72,4
5645,50,4
5645,59,5
8484,133,3
8484,40,5
8484,11,5
8484,58,4
8484,45,2
8484,48,4
8484,83,3
8484,13,3
8484,73,5
8484,44,5
8484,36,5
8484,57,5
8484,28,2
8484,9,5
8484,55,2
8484,87,5
8484,29,5
8484,125,3
8484,154,4
8484,14,3
8484,138,2
8484,71,1
8484,7,4
8484,116,5
8484,19,5
8484,155,4
8484,161,3
8484,35,3
8484,122,3
8484,50,5
8484,43,3
8484,76,3
8484,66,2
8484,97,1
8484,102,5
8484,37,3
2487,3,3
2487,15,4
2487,37,3
2487,52,3
2487,5,3
2487,133,4
2487,80,4
2487,49,3
2487,56,3
2487,83,3
2487,95,4
2487,85,4
2487,125,4
2487,102,5
2487,59,4
2487,57,3
2487,73,3
2487,71,4
2487,138,4
2487,62,2
2487,44,2
2487,161,3
2487,155,3
5645,31,4
3739,4,5
3739,5,5
3739,37,4
3739,48,4
3739,66,4
3739,113,5
3739,14,4
3739,65,5
3739,100,4
3739,129,5
3739,32,5
3739,19,5
3739,155,5
3739,161,5
3739,59,5
3739,133,4
3739,85,4
3739,23,3
3739,62,4
3739,102,5
3739,93,4
3739,50,4
1185,129,4
1185,154,3
1185,19,3
1185,161,3
1185,155,2
1185,31,5
1952,98,5
1952,38,4
1952,119,5
6698,113,4
6698,87,5
6698,97,4
6698,125,5
6698,102,5
6698,129,4
6698,138,3
6698,161,5
2900,60,4
2900,3,3
2900,49,4
2900,52,4
2900,56,5
2900,40,2
2900,8,3
2900,5,5
2900,15,4
2900,80,5
2900,37,5
2900,48,5
2900,66,5
2900,113,5
2900,55,5
2900,117,5
2900,119,4
2900,65,4
2900,100,4
2900,129,3
2900,28,3
2900,18,4
2900,59,5
2900,133,5
2900,85,5
2900,23,4
2900,102,5
2900,62,2
2900,93,4
2900,122,2
2900,44,1
1952,26,3
1952,8,4
1952,5,5
1952,11,5
1952,14,5
1952,33,4
1952,100,3
1952,35,5
1952,67,4
1952,138,5
1952,42,5
1952,117,5
1952,93,4
1952,133,5
1952,125,5
1952,85,5
1952,154,4
1952,50,5
1952,87,5
9011,122,1
9011,49,3
9011,138,2
9011,63,3
9011,131,2
9011,25,4
9011,60,1
9011,46,2
9011,23,4
9011,21,4
9011,117,4
9011,100,1
9011,133,5
9011,56,2
9011,58,2
9011,24,3
9011,125,5
9011,18,4
9011,27,3
9011,129,4
9011,93,5
9011,154,5
9011,62,1
9011,161,3
9011,155,3
9011,39,4
9011,110,3
9011,28,1
9011,95,3
9011,113,3
9011,80,2
9011,59,4
9011,85,3
2900,16,5
2900,98,5
2900,26,4
2900,21,5
2900,24,5
2900,27,5
2900,43,4
2900,22,4
2900,67,4
5645,11,4
6698,22,2
6698,15,4
9731,28,3
9731,58,4
9731,42,3
9731,83,4
9731,71,2
9731,33,4
9731,22,5
9731,26,4
9731,72,4
9731,15,4
9731,2,4
9731,3,2
9731,10,3
9731,43,3
9731,76,3
9731,44,3
9731,66,2
9731,13,3
9731,55,4
9731,48,4
9731,49,2
9731,52,2
9731,56,2
9731,97,2
9731,9,3
9731,131,3
9731,113,2
9731,119,4
9731,18,4
9731,25,4
9731,21,4
9731,54,3
9731,63,3
9731,24,4
9731,27,4
9731,102,4
9731,125,4
9731,23,4
9731,73,2
9731,138,3
9731,154,2
9731,116,4
9731,60,3
9731,122,4
9806,16,5
10146,1,5
10146,17,4
10146,73,3
10146,37,4
10146,63,5
10146,117,4
10146,131,4
10146,97,4
10146,125,3
10146,59,5
10146,93,4
10146,154,3
10146,116,4
10146,161,4
10146,155,4
10146,41,3
6342,4,5
6342,8,5
6342,5,5
6342,14,5
6342,32,5
6342,65,5
6342,35,4
6342,29,5
6342,28,5
6342,58,5
6342,42,5
6342,83,5
6342,33,4
6342,57,4
6342,22,4
6342,40,3
6342,100,5
6342,26,3
6342,11,5
6342,19,5
6342,44,3
6342,43,4
6342,76,4
6342,66,5
6342,13,5
6342,55,5
6342,48,5
6342,98,4
6342,154,3
6342,125,3
6342,16,4
6342,59,4
6342,116,3
6342,129,5
6342,64,4
6342,131,5
6342,63,3
6342,138,3
6342,113,5
6342,67,5
6342,119,4
6342,46,5
6342,104,5
6342,2,3
6342,38,3
10146,85,3
10146,133,4
10146,102,3
10146,122,3
10249,7,5
10249,62,4
10249,19,4
10249,3,5
10249,10,4
10249,38,5
10249,44,4
10249,66,3
10249,43,3
10249,76,3
10249,13,3
10249,55,4
10249,48,3
10249,54,5
10249,70,3
10249,73,5
10249,51,5
10249,56,3
10249,36,3
10249,47,3
10249,46,3
10249,122,3
10249,25,5
10249,41,5
10249,60,4
10249,52,4
10249,18,5
10249,23,5
10249,21,5
10249,27,5
10249,24,5
10249,59,4
10249,133,4
10249,93,4
10249,37,5
10249,102,5
10249,117,5
10249,85,5
10249,80,5
10249,49,5
10249,63,5
6698,39,5
6698,110,4
5645,16,4
10402,5,4
10402,38,4
10402,14,4
10402,131,4
10402,35,4
10402,28,4
10402,26,3
10402,58,4
10402,113,4
10402,55,3
10402,32,3
10402,97,5
10402,59,4
10402,48,3
10402,71,4
10402,138,3
10402,116,3
10402,72,4
10402,155,4
10402,84,4
10402,16,3
10402,65,3
10402,29,3
10402,67,5
10335,37,5
10335,80,3
10335,85,5
10335,117,5
10335,102,3
10335,113,5
10335,125,4
10335,87,4
10335,97,4
10335,59,5
10335,119,5
10335,138,3
10335,161,3
10335,93,3
10509,2,2
10509,7,2
10509,19,2
10509,62,2
10509,53,1
10509,3,1
10509,10,2
10509,38,4
10509,43,2
10509,76,1
10509,44,4
10509,66,3
10509,13,5
10509,55,2
10509,48,4
10509,54,3
10509,70,2
10509,27,2
10509,24,2
10509,18,2
10509,21,2
10509,23,2
10509,9,5
10509,46,5
10509,67,5
10509,64,5
10509,45,3
10509,104,5
10509,47,5
10509,31,5
10509,131,3
10509,95,4
10509,113,4
10509,87,5
10509,97,3
10509,129,5
10509,138,3
7001,97,4
7001,64,4
7001,31,5
11285,10,5
11285,76,5
5645,140,5
5645,98,4
11692,4,5
11692,10,5
11692,13,5
11692,15,5
11692,42,5
11692,2,3
11692,11,4
11692,5,4
11692,80,4
11692,85,5
11692,38,4
11692,33,4
11692,14,5
11692,7,4
11692,131,4
11692,26,3
11692,29,4
11692,58,4
11692,102,5
11692,83,5
11692,47,5
11692,67,4
11692,45,3
11692,65,4
11692,32,3
11692,87,4
11692,22,4
11692,113,4
11692,100,5
11692,46,4
11692,93,4
11692,23,3
11692,50,5
11692,57,4
11692,71,5
11692,9,3
11692,64,4
11692,138,3
11692,40,5
11692,116,3
11692,60,4
11692,122,4
11692,31,5
11692,43,4
11285,3,2
11285,2,4
11285,15,3
11285,7,3
11285,22,3
11285,38,3
11285,43,3
11285,35,3
11285,100,4
11285,66,5
11285,46,5
11285,60,3
11285,62,5
11285,64,4
11285,54,4
11285,117,4
11285,13,3
11285,83,3
11285,14,3
11285,48,3
11285,42,5
11285,58,4
11285,131,3
11285,4,3
11285,8,3
11285,37,4
11285,113,3
11285,18,4
11285,59,3
11285,161,2
11285,155,2
11285,133,5
11285,23,4
11285,93,5
11285,25,4
11285,24,4
11285,63,3
11285,21,4
11285,19,2
11285,27,4
11285,53,2
11285,52,2
11285,56,2
11285,49,2
11927,5,5
11927,50,3
11927,14,3
11927,65,3
11927,35,3
11927,29,3
11927,28,3
11927,58,2
11927,42,4
11927,71,3
11927,33,5
11927,22,2
11927,57,2
11927,40,1
11927,26,2
11927,11,2
11927,72,3
11927,84,3
11927,15,2
11927,2,5
11927,7,5
11927,19,5
11927,62,5
11927,3,4
11927,10,5
11927,76,3
11927,44,4
11927,13,4
11927,55,3
11927,48,3
11927,54,4
11927,31,4
11927,51,3
11927,122,3
11927,52,4
11927,49,4
11927,25,5
11927,56,5
11927,18,5
11927,24,5
11927,27,5
11927,21,5
11927,23,3
11927,41,5
11945,4,5
11945,8,5
11945,5,4
11945,50,5
11945,14,4
11945,32,5
11945,29,5
11945,28,5
11945,58,5
11945,42,5
11945,83,4
11945,33,5
11945,22,4
11945,57,5
11945,40,5
11945,100,5
11945,26,5
11945,11,5
11945,2,5
11945,62,5
11945,53,5
11945,38,5
11945,44,2
11945,66,5
11945,13,4
11945,55,4
11945,48,4
11945,70,3
6698,116,4
6698,59,3
6698,154,4
6698,155,4
8510,71,5
8510,40,2
8510,116,5
8510,43,5
8510,41,2
8510,16,5
8510,98,4
8510,80,4
8510,138,3
8510,58,4
12471,53,3
12471,3,2
12471,10,5
12471,38,1
12471,43,4
12471,76,4
12471,44,1
12471,70,5
12471,13,4
12471,55,4
12471,48,4
12471,54,3
12471,18,5
12471,25,5
12471,24,5
12471,21,5
12471,23,5
12471,27,5
12471,49,2
12471,52,2
12471,56,3
12471,155,5
11945,140,5
11945,98,5
11945,16,5
1185,16,3
12471,80,4
12471,95,4
12471,161,5
8510,140,3
8510,13,3
8510,55,3
8510,29,4
8510,14,3
12874,43,4
12874,138,3
12874,93,4
12874,15,4
12874,66,5
12874,42,4
12874,22,5
12874,33,4
12874,57,5
12874,8,4
12874,11,5
12874,4,5
12874,5,4
12874,24,4
12874,67,4
12874,21,4
12874,26,5
12874,9,5
12874,10,4
12874,13,4
12874,131,2
12874,48,3
12874,14,4
12874,63,3
12874,55,3
12874,83,3
12874,56,3
12874,85,4
12874,18,4
12874,133,4
12874,117,4
12874,29,3
12874,102,2
12874,59,4
12874,58,4
12874,125,2
12874,23,4
12874,76,2
12874,113,3
12874,50,4
12874,154,2
12874,116,4
12874,44,4
12874,2,4
12874,32,2
12874,71,2
12874,80,4
12874,37,4
12874,155,4
12874,161,4
12874,7,4
12946,4,5
12946,8,4
12946,5,5
12946,14,5
12946,50,1
12946,32,5
12946,35,4
12946,28,5
12946,58,5
12946,42,5
12946,71,3
12946,33,5
12946,22,3
12946,57,5
12946,40,5
12946,26,3
12946,72,1
12946,11,5
12946,15,4
12946,2,5
12946,7,5
12946,19,5
12946,62,2
12946,53,5
12946,3,4
12946,10,5
12946,38,5
12946,43,5
12946,44,3
12946,76,5
12946,13,5
12946,48,5
12946,55,4
12946,25,5
12946,18,4
12946,24,4
12946,27,4
12946,21,4
12946,23,4
12946,49,4
12946,52,4
12946,56,4
12946,100,5
12946,46,4
12946,117,5
12946,60,4
12946,133,5
12946,63,4
12946,131,5
12946,102,4
12946,59,5
12946,47,5
12946,67,5
12946,45,4
12946,93,5
12946,64,4
12946,138,4
12946,116,5
12946,161,5
12946,155,5
12946,31,4
12946,41,3
12946,16,5
12946,98,5
2900,31,4
13776,138,4
13776,44,4
13776,4,4
13776,10,4
13776,72,4
13776,13,4
13776,8,4
13776,15,5
13776,5,4
13776,42,4
13776,37,3
13991,32,4
13991,35,4
13991,65,4
13991,22,5
13991,33,4
13991,57,5
13991,40,3
13991,100,5
13991,26,4
13991,11,5
13991,72,5
13991,10,4
13991,43,4
13991,44,5
13991,76,4
13991,46,5
13991,48,4
13991,93,4
13991,104,4
13991,64,4
13991,38,4
13991,28,4
13991,131,5
13991,47,4
13991,95,4
13991,55,4
13991,67,4
13991,113,4
13991,9,4
13991,31,5
13991,16,3
13991,8,4
13991,98,5
13991,15,5
13991,140,5
12471,39,5
12471,110,5
12471,36,5
12471,37,4
12471,41,2
12471,51,2
12471,1,5
12471,17,4
12471,20,3
14248,7,5
14248,65,4
14248,117,4
14248,32,4
14248,119,4
14248,28,4
14248,129,4
14248,100,5
14248,19,4
14248,59,3
14248,87,3
14248,133,4
14248,35,3
14248,11,4
14248,67,3
14248,60,4
14248,26,3
14248,22,3
14248,57,4
14248,31,4
14248,64,4
14248,9,3
14248,40,3
14248,10,5
14248,43,5
14248,95,4
14248,63,5
14248,138,4
14248,58,4
14248,97,3
14248,71,3
14248,76,5
14248,72,4
14248,45,3
14248,83,5
14248,116,4
14248,29,3
14248,125,5
14248,44,3
14372,16,5
14603,46,4
14603,60,4
14603,38,4
14603,2,4
14603,33,4
14603,22,4
14603,4,5
14603,31,5
14603,67,4
14603,43,4
14603,45,1
14603,66,3
14603,35,2
14603,13,5
14603,63,4
14603,76,4
14603,119,4
14603,5,4
14603,28,5
14603,32,4
14603,95,3
14603,83,3
14603,133,4
14603,14,4
14603,29,4
14603,8,5
14603,80,5
14603,154,4
14603,15,5
14603,131,4
14603,113,5
14603,117,4
14603,129,5
14603,18,4
14603,59,4
14603,87,5
14603,85,5
14603,102,4
14603,23,4
14603,24,4
15494,42,5
15494,52,3
15494,49,4
15494,56,4
15494,1,5
15494,36,4
15494,35,3
15494,9,3
15494,39,4
15494,110,4
14192,131,5
14192,10,4
14192,4,4
14192,43,3
14192,42,5
14192,8,4
14192,29,5
14192,63,4
14192,28,5
14192,32,4
14192,71,3
14192,138,5
14192,83,2
14192,125,5
14192,97,4
14192,48,3
14192,7,5
14192,15,4
14192,93,5
14192,154,5
14192,66,5
14192,133,4
14192,37,5
14192,155,5
14192,161,5
14192,59,4
14192,129,5
14192,36,1
14192,117,3
14192,119,2
14192,85,3
14192,102,4
14192,54,5
14192,35,2
14372,85,3
14372,133,3
14372,117,4
14372,131,4
14372,59,4
14372,102,5
14372,95,4
14372,125,5
14372,97,5
14372,67,4
14372,87,4
14372,45,5
14372,93,4
14372,119,4
14372,129,4
14372,161,5
14372,9,2
14372,155,5
14372,2,3
14372,60,4
14372,98,5
14372,140,4
15604,4,3
15604,14,4
15604,32,4
15604,42,4
15604,29,4
15604,28,5
15604,71,4
15604,83,3
15604,26,4
15604,84,3
15604,72,4
15604,15,3
15604,2,4
15604,53,2
15604,62,5
15604,19,3
15604,3,1
15604,43,4
15604,10,3
15604,66,3
15604,76,2
15604,13,5
15604,54,5
15604,48,4
15604,25,4
15604,18,3
15604,24,4
15604,21,4
15604,23,4
15604,7,3
15604,52,1
15604,49,1
15604,46,4
15604,36,3
15604,85,4
15604,9,4
15604,27,3
15604,133,3
15604,117,5
15604,59,3
15604,102,4
15604,95,4
15604,125,3
15604,93,2
15604,154,4
15604,116,3
15604,122,5
15604,37,5
15645,49,5
15645,52,5
15645,56,5
10335,1,4
10335,20,4
10335,17,4
10335,31,5
15494,59,4
15494,125,3
15494,37,3
15494,102,3
15494,138,2
15494,131,2
15494,119,4
15494,154,3
15494,117,5
15494,155,3
15494,17,4
15494,122,2
15494,12,3
15494,98,4
9668,46,1
9668,47,4
9668,98,5
9668,140,5
9668,95,3
9668,97,4
9668,60,3
9668,131,4
9668,138,3
9668,155,5
9668,80,3
9668,116,3
9668,125,5
9668,93,5
9668,37,4
9668,161,5
9668,154,5
9668,59,5
2900,1,5
7563,55,4
7563,7,4
7563,117,5
7563,129,5
7563,93,5
7563,72,3
7563,44,3
2487,1,4
2487,41,3
2487,60,4
2487,16,5
2487,31,4
11945,63,5
11945,20,2
11945,9,4
11945,60,5
11945,45,5
11945,67,5
11945,31,5
11945,122,4
11945,119,4
17566,42,4
17566,2,4
17566,9,4
17566,44,3
17566,122,3
17566,21,4
17566,24,4
17566,18,4
17566,27,4
17566,66,5
17566,33,5
17566,38,4
17566,23,3
17566,26,5
17566,22,4
17566,87,5
17566,104,2
17566,25,4
17566,64,3
17566,15,4
17566,29,5
17566,48,4
17566,7,4
17566,28,4
17566,85,4
17566,59,5
17566,58,4
17566,63,4
17566,55,3
17566,32,4
17566,65,4
17566,102,5
17566,138,3
17566,116,4
17566,131,3
17566,71,4
10509,16,5
12381,10,5
12381,38,3
12381,63,5
12381,122,3
12381,4,5
12381,13,5
12381,11,4
12381,45,3
12381,95,3
12381,35,1
12381,113,4
12381,7,5
12381,22,3
12381,8,3
12381,67,4
12381,5,4
12381,19,5
12381,83,5
12381,76,4
12381,104,4
12381,42,4
12381,100,5
12381,58,4
12381,64,3
12381,26,2
12381,57,2
12381,28,4
12381,66,4
12381,131,4
12381,60,4
12381,33,3
12381,15,5
12381,62,4
12381,138,4
12381,36,4
12381,119,4
12381,14,4
12381,129,4
12381,155,5
12381,125,4
12381,116,3
12381,93,3
12381,32,3
12381,133,3
12381,117,4
12381,37,3
12381,161,4
21713,1,5
21713,12,5
21713,46,5
21713,35,5
21713,84,5
21713,72,4
21713,59,4
21733,59,3
21733,85,3
21733,50,3
21733,102,3
21733,4,5
21733,66,4
21733,129,3
21733,5,4
21733,43,3
21733,113,3
21733,42,4
21733,8,2
21733,154,3
21733,29,2
21733,63,2
21733,13,5
21733,58,3
21733,76,4
21733,28,3
21733,32,2
21733,83,4
21733,95,4
21733,97,2
21733,55,4
21733,48,4
21733,7,2
21733,131,2
21733,11,2
21733,45,4
21733,46,3
21733,33,3
21733,31,3
21733,67,2
21733,104,1
21733,100,5
21733,35,5
21733,2,5
21733,62,4
21733,39,4
21733,3,1
21733,14,3
21733,10,4
21733,65,2
21733,36,5
21733,87,3
21733,54,4
21733,117,4
21733,116,3
21733,138,3
21733,119,3
1185,1,4
1185,39,3
1185,20,3
1185,17,4
1185,140,3
6630,16,5
6630,98,5
6630,140,5
6630,1,5
6630,17,5
6630,20,5
6630,72,4
6630,4,4
6630,40,5
6630,3,5
6630,57,4
6630,11,4
6630,67,5
6630,10,3
6630,5,3
6630,9,4
6630,60,4
6630,46,4
6630,33,4
6630,100,4
6630,122,3
6630,22,2
6630,2,5
6630,7,5
6630,62,4
6630,19,5
6630,53,5
6630,41,5
6630,117,2
6630,28,3
6630,65,4
6630,55,2
6630,43,2
6630,63,2
6630,131,3
6630,76,2
6630,36,4
6630,84,4
6630,66,4
6630,59,3
6630,138,3
6630,95,2
23303,32,4
23303,65,2
23303,45,4
23303,46,3
23303,33,4
23303,66,4
23303,15,4
23303,87,4
23303,22,2
23303,122,3
23303,62,4
23303,85,4
23303,84,4
23303,37,3
23303,42,4
23303,39,4
23303,64,3
23603,73,4
23603,41,3
23603,24,5
17643,16,5
17643,9,3
17643,2,1
17643,7,3
17643,19,5
17643,39,5
17643,62,5
17643,37,2
17643,4,5
17643,8,1
17643,5,2
17643,116,1
17643,14,5
17643,13,5
17643,10,1
17643,32,3
17643,58,1
17643,104,1
17643,43,1
17643,113,5
17643,42,1
17643,63,1
17643,76,1
17643,29,1
17643,71,4
17643,83,2
17643,97,5
17643,154,1
17643,54,5
24499,16,3
24499,98,3
24499,140,3
24499,1,5
24499,12,4
24499,39,4
24499,110,4
24499,11,5
24499,67,3
24499,31,1
24499,46,3
24499,21,4
24499,24,4
24499,18,3
24499,27,4
24499,66,4
24499,85,5
24499,23,2
24499,63,3
24499,33,3
24499,26,2
24499,28,3
24499,10,4
24499,59,3
24499,25,4
24499,17,4
24499,102,5
24499,95,3
24499,32,3
24499,83,2
24499,48,3
24499,43,4
24499,65,4
24499,113,4
24499,45,5
24499,2,5
24499,161,4
24499,50,3
24499,129,4
24499,155,3
24499,20,3
24499,57,4
24499,9,2
24499,7,2
24499,8,3
24499,138,3
24499,41,4
24499,5,3
24499,72,4
24499,80,4
24499,19,4
24499,42,3
24499,84,3
24499,15,3
24834,76,4
24834,14,5
24834,58,5
24834,28,3
24834,32,5
24834,65,4
24834,55,5
24834,131,4
24834,93,5
24834,154,5
24834,16,4
24834,9,5
24834,22,5
24834,64,5
24834,57,5
24834,38,5
24834,33,5
24834,67,5
24834,46,5
24834,31,5
24834,1,4
24834,2,4
24834,45,5
24834,11,5
24834,19,5
24834,48,5
24834,35,4
24834,122,4
24834,71,4
24834,97,5
24834,36,5
24834,83,2
24834,50,5
24834,102,5
24834,72,5
24834,133,3
25182,2,5
25182,37,5
25182,133,2
25182,36,4
25182,42,4
25182,19,5
25182,10,5
25182,4,5
25182,5,5
25182,43,5
25182,129,5
25182,113,5
25182,8,5
25182,63,5
25182,29,5
25182,14,4
25182,28,2
25182,32,3
25182,65,5
25182,83,1
25182,97,5
25182,154,4
25182,131,1
25182,15,3
25182,93,4
25182,87,5
25182,3,3
25182,53,5
25182,1,5
25182,22,5
25182,33,5
25182,54,5
25182,138,5
25182,76,5
25182,84,3
21733,37,2
25278,32,5
25278,65,5
25278,28,5
25278,18,4
25278,129,5
25278,33,5
25278,19,5
25278,59,5
25278,87,5
25278,100,5
25278,161,5
25278,155,5
25278,102,5
25278,93,5
25278,24,5
25278,72,5
25278,44,4
25278,84,4
25278,53,5
26145,87,3
26145,98,3
26145,140,3
26145,26,4
26145,13,3
26145,8,3
26145,14,3
26145,1,4
26145,2,4
26145,28,3
26145,10,4
26145,21,3
26145,23,3
26145,18,3
26145,25,3
26145,17,4
26145,7,4
26145,24,3
26145,27,3
26145,32,3
26145,20,3
26145,65,3
26145,58,3
26145,43,4
26145,104,4
26145,48,3
26145,113,3
26145,19,4
26145,42,4
26145,122,4
26145,63,4
26145,138,3
26145,131,3
26145,76,3
26145,83,3
26145,129,3
26145,59,4
26145,53,2
26145,85,3
26145,50,4
26145,102,4
25840,59,5
25840,102,5
25840,93,4
25840,37,5
25840,80,5
25840,22,5
25840,15,5
14372,24,3
14372,36,3
14372,116,4
14372,80,4
14372,63,4
14372,37,4
26718,36,4
26718,73,3
26718,21,4
26718,24,4
26718,18,4
26718,27,4
26718,52,2
26718,56,1
26718,23,4
26718,49,3
26718,54,5
26718,63,5
26718,10,5
26718,17,5
26718,117,5
26718,95,2
26718,43,4
26718,76,4
26718,93,3
26718,161,3
26718,119,4
26718,13,5
26718,20,5
26718,155,3
26718,7,4
26718,60,3
26718,53,2
26718,37,4
26718,69,3
25840,8,2
25840,5,3
25840,4,3
25840,14,3
25840,10,5
25840,31,5
25840,13,2
25840,7,3
25840,32,5
25840,43,5
25840,65,3
25840,48,2
25840,42,5
25840,122,3
25840,71,5
25840,63,5
25840,54,2
25840,138,5
25840,76,5
25840,131,5
25840,95,5
25840,83,5
25840,29,5
25840,97,5
25840,116,4
25840,125,5
25840,154,4
25840,28,2
25164,2,4
25164,18,4
25164,25,3
25164,24,4
25164,27,4
25164,23,3
25164,21,3
25164,55,4
25164,32,4
25164,131,3
25164,39,4
25164,110,4
25164,62,4
25164,10,4
25164,43,4
25164,4,5
25164,1,4
25164,20,2
25164,17,3
25164,117,4
25164,36,5
25164,53,4
25164,44,3
25164,46,3
25164,104,4
25164,22,4
25164,97,4
25164,26,4
25164,31,2
25164,15,4
25164,13,4
25164,8,4
25164,29,4
25164,5,4
25164,28,4
25164,85,5
25164,59,4
25164,58,5
25164,63,5
25164,42,3
25164,66,3
25164,54,4
25164,50,4
25164,37,4
25164,116,3
25164,83,4
25164,138,4
25164,52,3
25164,56,3
25164,49,3
25164,122,4
25164,16,4
25164,9,3
25164,98,3
25164,84,4
25164,140,3
25164,129,4
17643,18,2
17643,129,5
17643,59,3
17643,161,5
17643,155,5
17643,23,2
28158,41,4
28158,25,5
28158,1,4
28158,38,5
28158,27,4
28158,21,4
28158,17,4
28158,20,4
28158,53,4
28158,24,4
28158,18,5
28158,70,4
28158,117,3
28158,32,4
28158,55,4
28158,87,5
28158,65,3
28158,161,5
28158,155,5
28158,8,3
28158,62,3
28158,5,4
28158,39,5
28158,19,5
28158,110,5
6630,30,3
28767,40,3
28767,64,4
28767,38,3
28767,46,4
28767,67,3
28767,31,5
28767,3,3
28767,34,3
28767,10,5
28767,43,5
28767,57,4
28767,22,4
28767,16,4
28767,9,3
28767,45,5
28767,33,3
28767,104,3
28767,44,2
28767,2,4
28767,1,5
28767,119,4
28767,122,2
28767,4,5
28767,8,2
28767,66,5
28767,93,5
28767,133,5
28767,129,5
28767,116,2
28767,14,1
28767,11,3
28767,28,1
28767,7,2
28767,32,2
28767,48,3
28767,42,4
28767,100,3
28767,63,3
28767,47,3
28767,36,4
28767,72,5
28767,37,5
28767,138,3
28767,131,1
28767,5,2
28767,76,3
28767,50,4
28767,41,3
28767,15,3
28767,87,3
28767,29,3
28767,113,1
28767,19,2
28767,59,5
12471,119,4
12471,117,5
28158,16,4
28158,116,4
28158,98,4
29819,28,4
29819,5,2
29819,13,4
29819,14,3
29819,21,4
29819,23,4
29819,25,4
29819,24,5
29819,27,5
29819,32,4
29819,55,4
29819,58,4
29819,119,3
29819,98,5
29819,19,1
29819,140,5
29819,131,5
29819,64,3
29819,155,1
29819,161,1
29819,129,5
29819,37,1
29819,93,5
30184,76,5
30184,73,3
30184,161,5
30184,31,5
30184,20,5
30184,37,5
30184,42,5
30681,2,4
30681,102,3
30681,37,4
30681,93,5
30681,10,4
30681,4,5
30681,5,3
30681,43,2
30681,8,4
30681,29,4
30681,42,5
30681,76,3
30681,14,1
30681,71,2
30681,58,3
30681,32,2
30681,83,1
30681,97,3
30681,131,2
30681,15,4
30681,87,5
30681,66,5
30681,116,3
30681,22,4
30681,34,4
30681,57,4
30681,31,4
30681,33,5
30681,1,5
30681,3,4
30681,41,5
30681,138,3
30681,122,5
30681,72,3
30681,84,4
30944,21,3
30944,24,3
30944,18,4
30944,27,2
30944,4,5
30944,23,5
30944,54,5
30944,25,4
30944,17,5
30944,29,4
30944,26,3
30944,28,5
30944,59,4
30944,102,4
30944,2,5
30944,125,4
30944,97,5
30944,55,4
30944,83,3
30944,45,4
30944,161,5
30944,50,4
30944,71,3
30944,20,5
30944,155,5
30944,7,5
30944,8,3
30944,154,5
30944,62,5
30944,5,4
30944,41,5
30944,80,3
30944,39,4
30944,138,3
30944,53,3
30944,19,5
30944,122,5
30944,84,4
30944,37,5
30944,110,4
28158,46,4
28158,93,3
28158,140,5
28158,31,5
21713,21,4
21713,24,4
21713,27,4
21713,18,4
21713,23,4
21713,52,3
21713,56,3
21713,25,5
21713,49,3
21713,17,4
21713,26,4
21713,28,3
21713,102,4
21713,125,3
21713,48,4
21713,55,3
21713,113,4
21713,161,5
21713,20,4
32055,7,3
32055,2,4
32055,29,4
32055,43,4
32055,59,4
32055,25,4
32055,58,3
32055,63,3
32055,47,3
32055,54,3
32055,1,4
32055,95,3
32055,18,4
32055,24,4
32055,37,3
32055,27,4
32055,102,4
32055,93,4
32055,129,4
32055,133,3
32055,116,3
32055,83,3
32055,38,4
32055,19,3
32055,154,3
32055,119,3
32055,31,3
32055,26,5
32055,97,3
32055,76,3
32055,22,4
32055,60,3
32055,161,4
32055,40,3
32055,155,3
32055,62,5
32055,64,3
32055,16,3
32055,53,4
32055,9,5
32055,41,3
32055,34,2
32305,55,4
32305,14,5
32305,28,5
32305,7,5
32305,154,4
32305,131,4
32305,66,4
32305,38,4
32305,22,2
32305,16,1
32305,60,4
32305,45,5
32305,31,5
32305,33,3
32305,54,3
32305,3,1
32305,2,5
32305,62,2
32305,53,3
32305,37,5
32305,70,2
32305,80,4
32305,42,4
32305,58,5
32305,32,2
32305,65,3
32305,19,5
32305,119,5
32305,44,3
32305,57,4
32305,1,5
32305,29,4
32748,10,4
32748,5,4
32748,43,4
32748,8,5
32748,29,5
32748,13,5
32748,55,5
32748,113,4
32748,129,4
32748,14,5
32748,76,4
32748,28,5
32748,131,4
32748,7,5
32748,48,5
32748,15,4
32748,87,5
32748,133,4
32748,38,5
32748,22,4
32748,67,5
32748,57,4
32748,11,4
32748,16,3
32748,45,5
32748,60,3
32748,31,5
32748,46,4
32748,33,3
32748,9,5
32748,30,5
32748,2,5
32748,39,5
32748,19,5
32748,37,5
32748,53,2
32748,62,5
32748,122,5
32748,117,5
32748,65,4
32748,32,4
32748,4,5
32748,93,4
32748,54,5
32748,138,4
32748,36,5
32748,51,4
32748,1,5
32748,12,3
32748,119,4
32923,44,2
32923,100,5
32923,64,3
32923,38,3
32923,67,3
32923,34,1
32923,31,3
32923,57,2
32923,22,4
32923,42,5
32923,8,5
32923,28,4
32923,32,3
32923,65,4
32923,4,5
32923,15,5
32923,11,5
32923,16,4
32923,45,3
32923,60,3
32923,46,3
32923,9,3
32923,104,5
32923,1,5
32923,30,3
32923,87,5
32923,84,4
32923,41,4
19729,161,4
19729,71,3
19729,129,4
19729,2,4
19729,18,4
19729,25,5
19729,24,4
19729,27,4
19729,23,4
19729,21,4
19729,95,4
19729,32,3
19729,4,4
19729,131,3
19729,17,4
19729,20,3
19729,41,4
19729,51,4
19729,117,3
19729,53,4
19729,15,4
19729,42,3
19729,133,3
19729,93,4
19729,80,4
19729,70,4
19729,28,3
19729,8,5
19729,48,4
19729,58,4
19729,50,3
19729,5,4
19729,11,4
19729,45,4
19729,38,4
19729,22,4
19729,60,4
19729,46,3
19729,65,4
19729,43,5
19729,104,4
19729,57,4
19729,113,3
19729,63,4
19729,122,3
19729,54,4
19729,97,3
19729,116,3
19729,59,3
19729,31,4
32745,98,4
32745,84,3
32745,140,4
32745,32,5
32745,131,5
32745,16,4
32745,119,5
32745,4,4
32745,15,4
32745,13,4
32745,14,4
32745,8,4
33065,10,5
33065,43,4
33065,83,3
33065,58,4
33065,42,4
33065,1,4
33065,3,1
33065,21,5
33065,24,5
33065,18,5
33065,113,4
33065,138,4
33065,131,5
33065,8,3
33065,28,4
33065,5,4
33065,15,5
33065,66,5
33065,116,4
33065,133,3
33065,80,4
33065,13,4
33065,14,4
33065,2,5
33065,33,3
33065,40,3
33065,16,4
33065,98,4
33065,35,5
33065,34,1
33065,85,5
33065,59,4
33065,50,4
33065,20,4
33065,17,4
33065,23,5
33065,11,2
33065,45,5
33065,25,5
33065,27,5
33065,32,4
33065,55,4
33065,84,3
33065,93,3
33065,44,1
33065,4,5
33065,119,5
33065,87,5
33065,100,5
33065,154,4
33065,125,4
33065,67,2
33065,95,4
33065,76,5
33065,26,4
32745,39,5
32305,63,4
32305,125,4
32305,76,4
32305,95,2
32305,71,3
32305,83,5
32305,23,5
32305,97,2
32305,24,5
32305,18,5
32305,27,5
32305,21,4
32305,25,5
32305,93,3
32305,161,5
32305,155,5
32305,4,5
32305,48,5
32305,138,4
32305,116,3
32305,113,2
33065,71,4
27934,10,5
27934,63,5
27934,13,5
27934,14,4
27934,76,5
27934,58,3
27934,28,5
27934,71,4
27934,125,5
27934,97,4
27934,48,3
27934,154,5
27934,116,2
27934,19,5
27934,80,3
27934,4,4
27934,155,5
27934,161,4
27934,138,3
27934,25,3
27934,24,3
27934,21,2
27934,104,5
6698,60,4
6698,80,3
6698,83,4
32745,110,4
32923,6,4
27934,33,2
27934,55,3
27934,60,5
27934,65,4
37834,100,5
37834,57,4
37834,64,4
37834,16,5
37834,31,4
37834,46,3
37834,30,4
37834,104,5
37834,3,4
37834,1,5
37834,12,4
37834,8,4
37834,55,3
37834,73,4
37834,119,5
37834,93,5
21733,30,3
38475,50,4
38475,67,4
38475,42,3
38475,66,5
38475,1,4
38475,48,4
38475,58,4
38475,3,3
38475,54,4
38475,85,5
38475,15,4
38475,131,5
38475,20,4
38475,117,3
38475,102,5
38475,100,4
39703,87,5
39703,117,5
39703,102,5
39703,97,5
39703,125,5
39703,113,5
39703,131,5
39703,154,5
39703,116,5
39703,138,5
27499,33,5
27499,57,5
27499,35,5
27499,40,5
27499,100,5
27499,2,5
27499,15,4
27499,4,5
27499,5,5
27499,43,4
27499,48,5
27499,8,3
27499,113,2
27499,65,5
27499,63,5
27499,42,5
27499,14,2
27499,29,5
27499,76,5
27499,32,5
27499,116,5
27499,71,4
27499,83,5
27499,97,5
27499,7,5
27499,154,3
27499,66,5
27499,19,5
27499,80,5
27499,37,5
27499,131,3
28158,12,3
28158,69,3
11927,39,5
11927,110,5
11927,69,3
11927,12,3
11927,129,4
11927,73,4
11927,30,4
11927,6,5
11927,20,4
11927,47,3
11927,98,5
11927,16,5
11927,140,4
11927,59,5
11927,36,4
11927,87,4
11927,131,5
11927,113,4
11927,45,5
11927,138,3
11927,32,3
11927,117,5
11927,85,5
11927,100,3
11927,1,4
11927,97,5
11927,64,3
11927,34,3
42508,32,4
42508,28,4
42508,131,5
42508,154,4
42508,15,4
42508,9,3
42508,13,4
42508,2,4
42508,7,3
42508,60,4
42508,22,4
42508,38,4
42508,35,4
42508,119,5
42508,19,4
42508,138,3
42508,85,5
42508,44,5
42508,59,5
42508,102,5
42508,80,4
42508,117,4
42508,29,3
42574,10,4
42574,66,2
42574,85,5
42574,56,4
42574,14,2
42574,52,4
42574,54,5
42574,63,3
42574,33,2
42574,49,3
42574,26,5
42574,29,3
42574,38,4
42574,43,4
42574,28,5
42574,133,3
42574,59,2
42574,35,4
42574,95,5
42574,13,4
42574,117,4
42574,47,4
42574,48,5
42574,125,3
42574,131,4
42574,32,5
42574,97,3
42574,102,4
42574,58,4
42574,22,3
42574,46,3
42574,67,5
42574,93,3
42574,83,4
42574,31,4
42574,76,3
42574,73,5
42574,45,4
42574,65,5
42574,87,5
42574,161,5
42574,113,5
42574,51,5
42574,64,4
42574,71,4
42574,100,4
42574,119,5
42574,50,4
42574,104,5
42574,8,4
42574,129,4
42574,72,5
42810,8,3
42810,2,4
42810,45,3
42810,28,3
42810,131,4
42810,7,4
42810,60,3
42810,32,4
42810,65,4
42810,48,4
42810,35,2
42810,104,3
42810,116,3
42810,119,4
42810,113,3
42810,19,5
42810,71,3
42810,97,4
42810,95,4
42810,37,3
42810,62,5
42810,93,3
42810,72,5
43602,17,4
43602,27,3
43602,20,3
43602,102,5
43602,65,5
43602,72,5
43602,26,4
43602,35,4
43602,84,4
43602,64,4
43602,19,4
43602,41,5
43602,44,2
43602,3,4
43602,23,3
43602,24,3
43602,21,3
43602,73,2
43602,56,3
43602,49,3
43602,52,3
43602,34,3
43602,155,4
43602,161,4
43602,9,4
40126,17,5
40126,69,5
40126,25,5
40126,21,5
40126,24,5
40126,18,5
40126,27,5
40126,23,5
40126,54,5
40126,63,5
40126,95,5
24143,93,4
24143,116,4
24143,131,4
24143,83,4
24143,129,5
24143,113,5
24143,138,4
24143,65,5
24143,154,4
24143,71,4
24143,97,4
24143,76,4
24143,55,4
24143,16,4
24143,72,5
46482,45,5
46482,113,5
46482,60,5
46482,16,5
46482,30,4
46482,47,5
46482,35,5
46482,4,5
46482,5,5
46482,13,5
46482,8,5
46482,14,5
46482,28,3
46482,10,5
46482,48,5
46482,36,5
46482,122,5
46482,72,5
46482,33,5
46482,32,5
46482,31,2
46482,63,5
46482,129,5
28158,6,3
38798,7,3
38798,65,4
38798,161,4
38798,113,3
38798,8,4
38798,5,2
38798,64,4
38798,71,3
38798,129,3
38798,50,3
38798,119,4
38798,11,3
38798,16,3
38798,9,3
38798,44,3
38798,42,3
38798,154,3
38798,116,3
38798,138,4
38798,122,3
38798,37,3
47476,129,4
47476,104,1
47476,1,4
47476,21,4
47476,35,2
47476,16,2
47476,37,4
47476,2,3
47476,25,4
47476,18,3
47476,24,4
47476,27,3
47476,154,4
47476,23,4
47476,17,3
47476,161,4
47476,155,4
47476,20,4
47476,64,2
48482,1,3
48482,9,3
48482,13,5
48482,2,5
48482,45,4
48482,60,3
48482,54,4
48482,12,3
48482,65,4
48482,36,3
48482,84,4
48482,47,3
48482,33,3
48482,19,3
48482,110,4
48482,3,3
48482,51,3
48482,62,3
48482,53,3
48482,117,3
48482,70,5
48482,26,4
48482,17,3
48482,7,3
48482,20,3
48482,18,4
48482,27,4
48482,21,4
48482,39,4
48482,98,3
48482,140,3
48482,122,4
48482,155,3
48482,37,3
48482,28,3
48482,16,3
48482,35,3
48482,129,3
48482,113,4
48482,4,3
48482,23,4
48482,161,3
48482,102,4
48482,25,4
48482,24,4
48482,56,3
48482,52,3
48482,49,3
48482,69,3
26629,3,4
26629,1,4
26629,40,3
26629,5,5
26629,13,5
26629,2,4
26629,22,4
26629,100,4
48687,12,5
48687,3,1
48687,69,5
48687,6,5
48687,2,1
48687,51,5
48687,47,5
48687,41,5
48687,42,5
48687,37,5
48687,93,5
48687,60,5
48687,15,5
48687,5,5
48687,13,5
48687,55,5
48687,113,5
48687,129,5
48687,45,5
48687,11,5
48687,14,5
48687,38,5
48687,22,5
48687,32,5
48687,31,5
48687,46,5
48687,64,5
48687,33,5
48687,48,5
48687,65,5
48687,43,5
48687,104,5
48687,30,5
48687,39,5
48687,119,5
48687,16,5
48687,67,5
48687,95,5
48687,83,5
48687,66,5
48687,29,5
48687,72,5
48687,154,5
48687,53,5
48687,20,5
48687,57,5
48687,44,5
48687,131,5
48687,54,5
48687,21,1
48687,10,5
48687,8,5
48687,4,5
48687,28,5
48687,85,5
48687,63,5
48687,138,5
48687,98,5
48687,24,1
48687,18,1
48687,26,5
48687,23,1
48687,27,1
48687,62,5
48687,25,1
48687,49,1
48687,59,5
48687,52,1
48687,84,5
48687,76,5
48687,102,5
48687,56,1
48687,97,5
48687,71,5
11692,30,5
11692,16,4
7563,47,5
7563,30,4
7563,35,3
7563,1,3
7563,22,3
7563,20,2
7563,34,2
7563,17,2
7563,9,1
10288,110,4
10288,2,5
10288,30,4
10288,25,5
10288,13,3
10288,18,5
10288,24,5
10288,27,5
10288,23,5
10288,20,2
10288,125,5
7563,12,2
7563,69,2
49288,10,5
49288,43,5
49289,10,5
49288,8,5
49289,43,5
49289,8,5
49289,113,5
49288,16,5
49289,16,5
49288,51,5
49288,39,5
49288,19,5
49289,51,5
49289,39,5
49289,19,5
49288,13,5
49288,14,5
49288,11,5
49289,13,5
49289,14,5
49289,11,5
49288,47,5
49289,47,5
49288,33,5
49289,33,5
49288,72,5
49289,72,5
49288,97,5
49289,97,5
49288,54,5
49289,54,5
49288,40,5
49289,40,5
49288,3,5
49289,3,5
49288,50,5
49289,34,5
49288,34,5
49289,48,5
49288,48,5
49289,30,5
49288,30,5
49289,35,5
49288,35,5
49289,12,5
49289,36,5
49289,41,5
49288,12,5
49288,36,5
49288,41,5
49295,10,5
49295,43,5
49295,8,5
49295,113,5
49295,16,5
49295,51,5
49295,39,5
49295,19,5
49295,13,5
49295,14,5
49295,11,5
49295,47,5
49295,33,5
49295,72,5
49295,97,5
49295,54,5
49295,40,5
49295,3,5
49295,50,5
49295,34,5
49295,48,5
49295,30,5
49295,35,5
49295,12,5
49295,36,5
49295,41,5
49297,10,5
49297,43,5
49297,8,5
49297,113,5
49297,16,5
49297,51,5
49297,39,5
49297,19,5
49297,13,5
49297,14,5
49297,11,5
49297,47,5
49297,33,5
49297,72,5
49297,97,5
49297,54,5
49297,40,5
49297,3,5
49297,50,5
49297,34,5
49297,48,5
49297,30,5
49297,35,5
49297,12,5
49297,36,5
49297,41,5
21713,30,1
21713,41,1
42810,14,4
42810,22,3
42810,33,3
42810,47,3
42810,15,3
1952,61,4
50104,5,5
50104,1,5
50104,9,5
50104,59,5
50104,102,5
50104,2,5
50104,8,5
50104,13,5
12471,93,5
12471,98,4
12471,140,4
50104,30,5
12471,16,4
50104,53,5
50104,11,5
50104,45,5
50104,47,5
50104,33,5
50104,15,5
50104,72,5
50104,97,5
50104,40,5
50104,87,5
50104,61,5
50104,16,5
50104,51,5
50104,50,5
50104,6,5
50104,34,5
50104,48,5
50104,55,5
50104,35,5
50104,12,5
50104,3,5
50104,36,5
50133,59,5
50133,102,5
50133,2,5
50133,155,5
50133,43,5
50133,8,5
50133,30,5
50133,19,5
50133,39,5
50133,53,5
50133,13,5
50133,14,5
50133,11,5
50133,100,5
50133,51,5
50133,47,5
50133,33,5
50133,15,5
50133,72,5
50133,97,5
50133,54,5
50133,87,5
50133,61,5
50133,16,5
50133,40,5
50133,3,5
50133,50,5
50133,10,5
50133,34,5
50133,6,5
50133,48,5
50133,35,5
50133,12,5
50133,36,5
26629,61,4
40126,49,3
40126,52,3
40126,56,3
48440,73,4
48440,154,4
6630,8,4
45554,50,5
45554,22,4
45554,13,4
45554,8,5
45554,5,5
45554,15,5
45554,37,5
45554,55,4
45554,66,5
45554,18,4
45554,65,5
45554,129,5
45554,33,4
45554,119,4
45554,19,3
45554,85,5
45554,161,3
45554,155,4
45554,100,3
45554,35,3
45554,102,4
45554,54,4
45554,43,5
45554,29,4
45554,25,3
45554,42,5
45554,63,4
45554,95,5
45554,125,4
45554,24,4
45554,27,3
45554,116,4
45554,67,5
45554,45,4
45554,113,4
45554,138,4
45554,71,5
45554,154,3
45554,26,4
45554,97,4
45554,76,4
45554,104,3
45554,44,1
45554,16,4
45554,57,4
45554,64,5
45554,122,4
45554,98,4
45554,140,4
11927,61,1
46482,95,4
46482,85,5
46482,46,3
46482,57,5
46482,131,5
48440,20,4
48440,28,5
48440,56,4
53292,8,5
53293,113,5
53293,9,5
53292,2,5
53292,41,5
53292,3,5
53292,36,5
53292,51,5
53292,6,5
53292,4,5
53292,47,5
53292,7,5
53292,62,5
53292,53,5
53292,117,5
53292,59,5
53292,10,5
53292,42,5
53292,80,5
53292,70,5
53292,93,5
53292,133,5
53293,44,5
53292,60,5
53292,50,5
53292,58,5
53292,22,5
53292,5,5
53292,14,5
53292,15,5
53292,48,5
53292,131,5
53292,37,5
53292,55,5
53292,66,5
53292,18,5
53292,65,5
53292,129,5
53292,33,5
53292,119,5
53292,19,5
53293,24,5
53292,85,5
53292,161,5
53292,87,5
53292,155,5
53292,35,5
53292,100,5
53292,102,5
53292,54,5
53292,39,5
29951,55,2
29951,60,4
29951,22,2
29951,16,2
29951,62,2
29951,57,2
29951,40,1
29951,98,2
29951,53,2
29951,140,2
48440,61,5
48440,60,4
48440,70,4
48440,51,4
48440,15,4
48440,87,4
48440,40,5
53293,41,5
53293,60,5
53293,62,5
53293,125,5
53293,122,5
53293,53,5
9246,4,4
9246,5,3
9246,1,1
9246,13,3
9246,9,4
9246,8,4
9246,14,3
9246,80,3
9246,11,5
9246,28,4
9246,129,5
9246,57,3
9246,60,3
9246,32,4
9246,55,3
9246,38,3
9246,65,2
9246,22,4
9246,47,4
9246,33,4
9246,43,2
9246,100,3
9246,42,2
9246,6,2
9246,119,2
9246,104,2
9246,19,2
9246,113,2
9246,116,3
9246,3,1
9246,67,5
9246,131,4
9246,138,3
9246,83,3
9246,37,2
9246,122,2
9246,97,3
9246,66,3
9246,61,4
9246,72,4
9246,59,3
9246,31,5
9246,10,2
9246,35,2
9246,63,2
9246,29,2
40126,98,5
40126,140,5
40126,35,2
40126,125,5
40126,58,5
40126,7,4
40126,80,5
40126,76,5
40126,129,5
26629,57,5
37834,4,4
37834,2,4
37834,13,4
37834,15,5
37834,14,4
37834,28,5
37834,47,4
37834,36,5
37834,59,4
37834,54,4
37834,33,4
37834,35,5
37834,37,5
37834,102,4
37834,131,5
37834,70,3
37834,45,4
37834,67,3
37834,48,4
37834,19,4
37834,133,3
37834,26,4
37834,117,5
37834,60,4
37834,17,5
37834,39,5
37834,161,4
37834,155,5
37834,44,4
37834,40,2
37834,20,5
37834,56,3
37834,9,3
37834,72,5
37834,98,5
37834,140,5
37834,84,4
26629,49,4
26629,52,4
26629,140,5
26629,17,4
26629,15,4
26629,4,4
26629,43,4
26629,119,4
26629,19,4
26629,54,5
26629,63,4
26629,71,4
26629,42,4
26629,70,4
26629,84,4
26629,116,4
26629,117,4
26629,56,4
26629,14,4
26629,28,5
26629,7,4
26629,20,3
26629,18,4
26629,23,4
26629,27,4
26629,25,4
26629,21,4
26629,55,5
26629,138,3
26629,37,5
26629,29,4
26629,72,4
50999,72,3
1185,30,4
1185,70,5
40126,66,4
40126,29,4
40126,32,5
40126,97,4
40126,39,4
40126,116,5
40126,37,3
32923,20,4
32923,61,4
32923,5,5
32923,36,4
32923,26,4
32923,47,3
32923,119,4
32923,33,5
52036,35,3
52036,43,5
52036,34,1
52036,6,2
52036,12,1
52036,20,2
52036,61,2
52036,1,2
52036,21,2
52036,4,3
52036,10,4
52036,3,1
52036,47,3
52036,54,3
52036,63,5
52036,29,5
52036,95,5
52036,70,4
52036,38,2
52036,51,1
52036,32,4
52036,97,5
52036,5,4
52036,55,5
52036,93,3
52036,80,5
52036,45,3
52036,83,4
52036,39,4
52036,41,1
52036,65,4
52036,71,5
52036,16,2
52036,104,2
52036,42,5
52036,2,3
52036,19,5
52036,44,3
52036,57,3
52036,25,2
52036,116,5
52036,53,3
52036,72,3
52036,13,5
52036,18,2
52036,27,2
52036,23,2
52036,84,3
52036,7,5
52036,110,5
52036,140,2
52036,17,2
52036,58,4
50999,10,5
50999,63,5
50999,95,3
50999,59,4
50999,102,5
50999,116,3
50999,13,3
50999,138,3
50999,37,3
50999,122,4
50999,125,5
50999,154,5
50999,61,1
