uid,iid,timestamp
8d0d72cf979eca6c5af2c9e88e0ca4f718ed2dc948537c08c760b0dec52b23dc,131d9a80aefc55e61afbfe7e69dd4619dc8e71f9df379d2f0f8ac47d9edaa375,1520611442
36dc5e51c24c544b829b47eecf8fc780c3612910cdb0b87693e2fec2c987b8c4,be30db6a86422aa22b6b0253eee5d26d544c61c4d80884cb9c8846b34b79867f,1526652016
36dc5e51c24c544b829b47eecf8fc780c3612910cdb0b87693e2fec2c987b8c4,40d20375505baf91da5307b07ea58f76aa7757d35cec37ee229768df0f0e9088,1524532835
01a26043d6e6ed360fbe34830ed46ebd9d40cd50b4bc5661172143a31ba3bacb,69016ea860663b95f9d0cc58817363303004a32fc9957f9d79e7893e4084881d,1532798567
3373a92b56fdeab9d60c185cfc2d87f6f6ca6fb486e236a4ac6dbd0615b530f4,568bda07ab9aabc1acaf3fdb52b4c6ca0577e78c9b956e39722033be528bdee0,1527956723
36dc5e51c24c544b829b47eecf8fc780c3612910cdb0b87693e2fec2c987b8c4,6080bf87af2b2061910435588058862b104486d0967075d46b7b72110d520cf0,1527987157
247b518f7ccd5189588df4ad28dc2bd9b9ea067ccd481d3018a3ae3bf8560578,b37bfa04523147b7e243fd04a64bef5bb5520f2a35ee5bf0fe3e2e98699e15ea,1521949278
9a57cdef47faff55cd825b1bf0521e23de60a21f7324e33038e5a698ad075fb8,8296c9fe1dd12b208397fb80bba9f8e5c5d35d1d1be7c38737a22f75340edc76,1530014148
ba46aa96bed7104dd7ad14704519d12ed13cb9fc6bd5aba3aed74a3edfc6623b,f495d08f788d46a2356f45426923192846caa0ea6b94f1400c1a9bbee814c7e5,1516713925
6914b3e9c4508debb26ad85782eee340222dfb97efbf9e7dcb79a768fe9d132b,568bda07ab9aabc1acaf3fdb52b4c6ca0577e78c9b956e39722033be528bdee0,1527604419
3373a92b56fdeab9d60c185cfc2d87f6f6ca6fb486e236a4ac6dbd0615b530f4,bc1e4b5439349a9b19a5202cfd843b47d66a4ab2db581880671aa8ea5c06c79a,1516198625
9652921b6dca8354f5a26e5322835ae1ca02ae8d60e0ff71cf96fe42b411e030,5580a047302dbddeec982629951012e0c3b81088a9042571c3c63d606ca22a6e,1533456443
a20793049497afa2239301b8b9ec3e2152f8560536da09bd88a719c46d6deee8,85dcc68d58a3f3f606ab8ae4601286d5548f15cb23986b6b6eb4251c88fa41ad,1519113370
ba46aa96bed7104dd7ad14704519d12ed13cb9fc6bd5aba3aed74a3edfc6623b,34693b2c53fac741717c7eeb8b95aa21143bd3aac6cc7fa437df3eac21f3f1d4,1532140400
cb25cadca973c93a97c7a23e3a87eee5b5b1332e606df624223b2cb833b50b13,e29a99a4a3503f1fe66744a09773414c19b5e83a0b39b22c36e4bfc95aa154de,1528406493
c2c28225811bc6181b9b5e2ae68c2784e20c6504d31dd25e56164e1f34fbce08,6080bf87af2b2061910435588058862b104486d0967075d46b7b72110d520cf0,1517210298
102766cdef1b5a1e50309df03a0366ebec3a048cc430159f591405a103cd6814,34693b2c53fac741717c7eeb8b95aa21143bd3aac6cc7fa437df3eac21f3f1d4,1525746616
24432e122d7f69b4052213e434e335bc589c9804d09b3ae81af67f2623fa704d,89a2a250c4fc378537e493e8cfa8e2e67ec7b4bff52dcc693c6a2afdb7f69b9f,1517274741
9652921b6dca8354f5a26e5322835ae1ca02ae8d60e0ff71cf96fe42b411e030,d7d7cbb4d088b5964b985613b21725a534cff15efa9281ab2a5a411543489a71,1531019224
e9036325f3cd83d668a4e5eb95e3ded96c7216d423f2498b2d44d611377b1ba4,be30db6a86422aa22b6b0253eee5d26d544c61c4d80884cb9c8846b34b79867f,1533976820
102766cdef1b5a1e50309df03a0366ebec3a048cc430159f591405a103cd6814,25e3ee58635e408287555b87cd6782c08da450e34215b45e978fd6590b718c1c,1531212767
9a57cdef47faff55cd825b1bf0521e23de60a21f7324e33038e5a698ad075fb8,85dcc68d58a3f3f606ab8ae4601286d5548f15cb23986b6b6eb4251c88fa41ad,1523638639
380fd5d755ffa185bafdba3a003f263524d51901f0974ef1e03ebba67c6dee16,568bda07ab9aabc1acaf3fdb52b4c6ca0577e78c9b956e39722033be528bdee0,1528905213
9927dd89ef4434b1c9d71aad2ca4e75f20145e925d95b3d2722d4a31e56afd9e,bc1e4b5439349a9b19a5202cfd843b47d66a4ab2db581880671aa8ea5c06c79a,1520896957
ba46aa96bed7104dd7ad14704519d12ed13cb9fc6bd5aba3aed74a3edfc6623b,3b892cc2bebfbbe42bcdfacb3cf2c3e1365bf6b551bb6c9a40ffc39d680afe86,1529737137
99f280951ea77aa3b3c5a0def79d976644d46d199878f799b079c10eb8c8ebd0,bc1e4b5439349a9b19a5202cfd843b47d66a4ab2db581880671aa8ea5c06c79a,1517767536
99f280951ea77aa3b3c5a0def79d976644d46d199878f799b079c10eb8c8ebd0,b3a5c7c4e22068066e9d95e2c3df8723b7c2100c4864574831019688ffbab145,1514836937
102766cdef1b5a1e50309df03a0366ebec3a048cc430159f591405a103cd6814,abc02fc11520c7de51037ca3b11b004f1ab2ab010b5084888f6011c94114c81d,1523728010
01a26043d6e6ed360fbe34830ed46ebd9d40cd50b4bc5661172143a31ba3bacb,34693b2c53fac741717c7eeb8b95aa21143bd3aac6cc7fa437df3eac21f3f1d4,1528512209
3adc8380dea4604872a990296c396cb35c70a40d21312c5f23975710d3b448e0,30cda95db0bcf0c657900ac182173ec22ce3906c881de8b3c4cc603b436d2191,1518088446
f3bfede2b39e2cc387fdc7a096807202b7e7c0272dfe793f9bf823f9f61f1b9e,37a5821f758f4f076f73381cdc210eb7302f75670dd3fe77a96894b0280f307e,1529250025
3373a92b56fdeab9d60c185cfc2d87f6f6ca6fb486e236a4ac6dbd0615b530f4,56ac3a65723f33e6f54f86318497bde2469750aa4e4e0aeb6f484bcb1db2a640,1520228546
99f280951ea77aa3b3c5a0def79d976644d46d199878f799b079c10eb8c8ebd0,e29a99a4a3503f1fe66744a09773414c19b5e83a0b39b22c36e4bfc95aa154de,1523958959
38b4d27b1c84aec2aed786410e236d049c81d7aa82c3535dafd69835fc523400,8118e13eb2b4595f304db3a04b2923e535265cbefc0c63121174d3fb3b76ddb4,1525568119
c2c28225811bc6181b9b5e2ae68c2784e20c6504d31dd25e56164e1f34fbce08,e913c0cdbed32d60ce7e7b9fa225bb5655a0c2037733d82159ee49139daf30ab,1526085066
99f280951ea77aa3b3c5a0def79d976644d46d199878f799b079c10eb8c8ebd0,69016ea860663b95f9d0cc58817363303004a32fc9957f9d79e7893e4084881d,1519272619
8d9737db4032c30189056dde75bb9c7f56ee7adc93863c46480af3872a6f94fc,ba99c310b9e7ae8fc11cc010f7c71756e1e00be464407ae4869db1708b3758f8,1516183688
102766cdef1b5a1e50309df03a0366ebec3a048cc430159f591405a103cd6814,abc02fc11520c7de51037ca3b11b004f1ab2ab010b5084888f6011c94114c81d,1534570339
f3bfede2b39e2cc387fdc7a096807202b7e7c0272dfe793f9bf823f9f61f1b9e,9ed0340d34ef514f3776d02ecfbaa5b380f79b5024e1e32cb93d407229746343,1529452562
1f803f494c3831d00e8cfa9476ea4856b6ab32fbe0fd00b49d4fe8f911875471,053978a71409d087b34ab8cd786ae3d59d931dba6d10dc0aef171a7f827931c9,1522417617
26a32db2c8eb5d418141ae6f5b974f0bbdaa2ac259f21d75e18ca388ad9b218e,568bda07ab9aabc1acaf3fdb52b4c6ca0577e78c9b956e39722033be528bdee0,1531451526
8d9737db4032c30189056dde75bb9c7f56ee7adc93863c46480af3872a6f94fc,c259efabc5c696bb45b1923fb302fe7d5a1e69ff3251ec5cedba8c5691fc9932,1516403697
37fc0cd75db3fc54cb69cb2d637a5896b0670fe74a85f5a4eeb9e200b1211fb4,2ecd8059d1fcc4fbc5c77d84975e893ed37c177461be6a954c54e927e8622ff3,1528515888
66ec5a78515930880bef0b9ca48a8c7b0e3d21a400cbd315096e5ffe7c23edb8,568bda07ab9aabc1acaf3fdb52b4c6ca0577e78c9b956e39722033be528bdee0,1533216913
32e72753cf9bd0dc54f059525bc1007d64e9abdb8af62fb9c3514a5420bc0f72,053978a71409d087b34ab8cd786ae3d59d931dba6d10dc0aef171a7f827931c9,1521807329
5d43f12c82b30cd5a54fecf35ec2afcdea8cd5dacae3705b9a7b15c4c9f4bd8f,f4ed7968d5e346cf43c8dcb25cbc42827718e4a0e79843e52777ebc921f1fae9,1527565866
a20793049497afa2239301b8b9ec3e2152f8560536da09bd88a719c46d6deee8,40d20375505baf91da5307b07ea58f76aa7757d35cec37ee229768df0f0e9088,1528146244
cb25cadca973c93a97c7a23e3a87eee5b5b1332e606df624223b2cb833b50b13,cad54cf728084c29159e6de13e7e4f5840d624786cc00d04e7c4aa094ad4a4bc,1525186387
3adc8380dea4604872a990296c396cb35c70a40d21312c5f23975710d3b448e0,c492b476f037ad9f09c2de87479e09485e11313ca6a3908b6bbaca436a2ee9b9,1516756081
3373a92b56fdeab9d60c185cfc2d87f6f6ca6fb486e236a4ac6dbd0615b530f4,d7d7cbb4d088b5964b985613b21725a534cff15efa9281ab2a5a411543489a71,1525118576
512a2f1404d88610d764dabdb1bc93daad7cde5c2f1846ae7c483bb93f0d038b,529ea336c479c49f83c8e3bab0b34c6ef22e8ec35013faa1435283e0c728223c,1516802649
102766cdef1b5a1e50309df03a0366ebec3a048cc430159f591405a103cd6814,25e3ee58635e408287555b87cd6782c08da450e34215b45e978fd6590b718c1c,1520014937
36dc5e51c24c544b829b47eecf8fc780c3612910cdb0b87693e2fec2c987b8c4,17cd52f27d74444ba4804d020446eb3895b5ab2f67c754395f706bddc97cb859,1523464549
2f491f7448fafe856484973e8ee3cbd8ddaea73f0b6c732ae3a8183071477437,cdc825cdaaa7d9476655fc8b50c4b83e20d72c5aaae92d35991dfe2d9ddd23b3,1525561270
32e72753cf9bd0dc54f059525bc1007d64e9abdb8af62fb9c3514a5420bc0f72,131d9a80aefc55e61afbfe7e69dd4619dc8e71f9df379d2f0f8ac47d9edaa375,1532215847
3a54508ad4ff7a62fbca5f753919709565faefb679ddfbff55015145610715f6,529ea336c479c49f83c8e3bab0b34c6ef22e8ec35013faa1435283e0c728223c,1530726083
38b4d27b1c84aec2aed786410e236d049c81d7aa82c3535dafd69835fc523400,8296c9fe1dd12b208397fb80bba9f8e5c5d35d1d1be7c38737a22f75340edc76,1534495886
24432e122d7f69b4052213e434e335bc589c9804d09b3ae81af67f2623fa704d,3d4632a10e4a3127a8dda058f55a086ec88b91d02e15e84e5a3c9fc5de1d6a76,1526231453
380fd5d755ffa185bafdba3a003f263524d51901f0974ef1e03ebba67c6dee16,e29a99a4a3503f1fe66744a09773414c19b5e83a0b39b22c36e4bfc95aa154de,1525688475
37fc0cd75db3fc54cb69cb2d637a5896b0670fe74a85f5a4eeb9e200b1211fb4,85dcc68d58a3f3f606ab8ae4601286d5548f15cb23986b6b6eb4251c88fa41ad,1515752436
793265aab49c964659ed2a81d44fd5e9aa93b85c5a191cb62c31bbedfdc35a9a,3d4632a10e4a3127a8dda058f55a086ec88b91d02e15e84e5a3c9fc5de1d6a76,1524189146
1236477bd6c80948f487c4f5a75acb47f526cbbadb876de7e6bea95dc0af6c8e,8296c9fe1dd12b208397fb80bba9f8e5c5d35d1d1be7c38737a22f75340edc76,1518894713
0bb941428d4adbd19419cedadf1dac2b4213ab1a9bd9d632915a2be318f00188,8296c9fe1dd12b208397fb80bba9f8e5c5d35d1d1be7c38737a22f75340edc76,1518778477
43dab768451e98474f7b3aabf4d8c4e815fa8f03b754225305bc4da5f142fb77,5580a047302dbddeec982629951012e0c3b81088a9042571c3c63d606ca22a6e,1529612135
6914b3e9c4508debb26ad85782eee340222dfb97efbf9e7dcb79a768fe9d132b,be30db6a86422aa22b6b0253eee5d26d544c61c4d80884cb9c8846b34b79867f,1525047239
f3bfede2b39e2cc387fdc7a096807202b7e7c0272dfe793f9bf823f9f61f1b9e,56ac3a65723f33e6f54f86318497bde2469750aa4e4e0aeb6f484bcb1db2a640,1530610236
1f803f494c3831d00e8cfa9476ea4856b6ab32fbe0fd00b49d4fe8f911875471,c492b476f037ad9f09c2de87479e09485e11313ca6a3908b6bbaca436a2ee9b9,1522897805
8d9737db4032c30189056dde75bb9c7f56ee7adc93863c46480af3872a6f94fc,37a5821f758f4f076f73381cdc210eb7302f75670dd3fe77a96894b0280f307e,1534036106
0bb941428d4adbd19419cedadf1dac2b4213ab1a9bd9d632915a2be318f00188,66c4ca97d91e89fd94ae1636b8ef0d198b745f31a8da48ce91c6eb980f7f43d7,1534023684
520c7b912011fb0ea474c17b562b11372cf96344a452a398d79b76f4b77dc048,3dda610311b9750f78878d68ad9a8aa12e4f88f93cdae82b771c4199dc690187,1524964178
5d43f12c82b30cd5a54fecf35ec2afcdea8cd5dacae3705b9a7b15c4c9f4bd8f,6080bf87af2b2061910435588058862b104486d0967075d46b7b72110d520cf0,1523282799
01a26043d6e6ed360fbe34830ed46ebd9d40cd50b4bc5661172143a31ba3bacb,17cd52f27d74444ba4804d020446eb3895b5ab2f67c754395f706bddc97cb859,1527488741
36dc5e51c24c544b829b47eecf8fc780c3612910cdb0b87693e2fec2c987b8c4,2ecd8059d1fcc4fbc5c77d84975e893ed37c177461be6a954c54e927e8622ff3,1534450495
2d36a12259d6a951f571b00fea26d74c250eddee031ca079b48ef5bc68236f57,be30db6a86422aa22b6b0253eee5d26d544c61c4d80884cb9c8846b34b79867f,1520497274
5d43f12c82b30cd5a54fecf35ec2afcdea8cd5dacae3705b9a7b15c4c9f4bd8f,3d4632a10e4a3127a8dda058f55a086ec88b91d02e15e84e5a3c9fc5de1d6a76,1529978382
d87d123e85a684348ede24be2ffee487dd640c4f131702019233d4ba491dd7fd,25e3ee58635e408287555b87cd6782c08da450e34215b45e978fd6590b718c1c,1523773575
9a57cdef47faff55cd825b1bf0521e23de60a21f7324e33038e5a698ad075fb8,be30db6a86422aa22b6b0253eee5d26d544c61c4d80884cb9c8846b34b79867f,1528854471
520c7b912011fb0ea474c17b562b11372cf96344a452a398d79b76f4b77dc048,34693b2c53fac741717c7eeb8b95aa21143bd3aac6cc7fa437df3eac21f3f1d4,1524611288
779f89b324b4ab933ef6f631680cb6de88ff23c78561ed84d4c4134ded0c9a6c,89a2a250c4fc378537e493e8cfa8e2e67ec7b4bff52dcc693c6a2afdb7f69b9f,1534555506
32e72753cf9bd0dc54f059525bc1007d64e9abdb8af62fb9c3514a5420bc0f72,56ac3a65723f33e6f54f86318497bde2469750aa4e4e0aeb6f484bcb1db2a640,1530379327
512a2f1404d88610d764dabdb1bc93daad7cde5c2f1846ae7c483bb93f0d038b,89a2a250c4fc378537e493e8cfa8e2e67ec7b4bff52dcc693c6a2afdb7f69b9f,1528842659
cb25cadca973c93a97c7a23e3a87eee5b5b1332e606df624223b2cb833b50b13,85dcc68d58a3f3f606ab8ae4601286d5548f15cb23986b6b6eb4251c88fa41ad,1522962362
a20793049497afa2239301b8b9ec3e2152f8560536da09bd88a719c46d6deee8,3b892cc2bebfbbe42bcdfacb3cf2c3e1365bf6b551bb6c9a40ffc39d680afe86,1516262281
0bb941428d4adbd19419cedadf1dac2b4213ab1a9bd9d632915a2be318f00188,cdc825cdaaa7d9476655fc8b50c4b83e20d72c5aaae92d35991dfe2d9ddd23b3,1528827789
585190b33cf6e497482b8128e99eff2131478b1ff0319c0a7bb84c7c7fdb854f,765097265d68a08e41d7bc0b112b874974d73d622c09f3081aa013cb96bfa5f3,1521222190
6914b3e9c4508debb26ad85782eee340222dfb97efbf9e7dcb79a768fe9d132b,34693b2c53fac741717c7eeb8b95aa21143bd3aac6cc7fa437df3eac21f3f1d4,1534292263
102766cdef1b5a1e50309df03a0366ebec3a048cc430159f591405a103cd6814,5580a047302dbddeec982629951012e0c3b81088a9042571c3c63d606ca22a6e,1524109173
2d36a12259d6a951f571b00fea26d74c250eddee031ca079b48ef5bc68236f57,765097265d68a08e41d7bc0b112b874974d73d622c09f3081aa013cb96bfa5f3,1524760910
8d9737db4032c30189056dde75bb9c7f56ee7adc93863c46480af3872a6f94fc,25e3ee58635e408287555b87cd6782c08da450e34215b45e978fd6590b718c1c,1533766982
3f923f9e9d12e1b86bd8cee3fe5286cd355c2124496bf5427f09e481566ee4d6,c0d3c66b08b45c28dab0d9fa72dc2ce508a18ffaae40fea997f40e2738a2786a,1532219231
24432e122d7f69b4052213e434e335bc589c9804d09b3ae81af67f2623fa704d,6044a6537a269f9e3c7237915f51157dd1b2cf528c189c5a2c219f83259eb594,1526451829
d87d123e85a684348ede24be2ffee487dd640c4f131702019233d4ba491dd7fd,cad54cf728084c29159e6de13e7e4f5840d624786cc00d04e7c4aa094ad4a4bc,1527034200
a20793049497afa2239301b8b9ec3e2152f8560536da09bd88a719c46d6deee8,76d3b4527a4dbc3cb9e9e749348694a60890e0ebdbb8ee69c9fb342637ad8c16,1527999775
8d0d72cf979eca6c5af2c9e88e0ca4f718ed2dc948537c08c760b0dec52b23dc,578596b69ebf2a4d843e5964c9da7e03c9aedf6842c7d9c926ea1d25e6a524c6,1515404018
0bb941428d4adbd19419cedadf1dac2b4213ab1a9bd9d632915a2be318f00188,be30db6a86422aa22b6b0253eee5d26d544c61c4d80884cb9c8846b34b79867f,1517626692
9a57cdef47faff55cd825b1bf0521e23de60a21f7324e33038e5a698ad075fb8,c259efabc5c696bb45b1923fb302fe7d5a1e69ff3251ec5cedba8c5691fc9932,1528744438
9927dd89ef4434b1c9d71aad2ca4e75f20145e925d95b3d2722d4a31e56afd9e,37a5821f758f4f076f73381cdc210eb7302f75670dd3fe77a96894b0280f307e,1524481909
cb779fc78b1a0fae5c2af78cdbf2ea75b7f28a571ee7e06ccd745dd41f00b421,30cda95db0bcf0c657900ac182173ec22ce3906c881de8b3c4cc603b436d2191,1531981975
585190b33cf6e497482b8128e99eff2131478b1ff0319c0a7bb84c7c7fdb854f,b3a5c7c4e22068066e9d95e2c3df8723b7c2100c4864574831019688ffbab145,1528243463
5d43f12c82b30cd5a54fecf35ec2afcdea8cd5dacae3705b9a7b15c4c9f4bd8f,f4ed7968d5e346cf43c8dcb25cbc42827718e4a0e79843e52777ebc921f1fae9,1527071526
66ec5a78515930880bef0b9ca48a8c7b0e3d21a400cbd315096e5ffe7c23edb8,f495d08f788d46a2356f45426923192846caa0ea6b94f1400c1a9bbee814c7e5,1520262377
9652921b6dca8354f5a26e5322835ae1ca02ae8d60e0ff71cf96fe42b411e030,c259efabc5c696bb45b1923fb302fe7d5a1e69ff3251ec5cedba8c5691fc9932,1521108265
793265aab49c964659ed2a81d44fd5e9aa93b85c5a191cb62c31bbedfdc35a9a,cad54cf728084c29159e6de13e7e4f5840d624786cc00d04e7c4aa094ad4a4bc,1516787464
512a2f1404d88610d764dabdb1bc93daad7cde5c2f1846ae7c483bb93f0d038b,e913c0cdbed32d60ce7e7b9fa225bb5655a0c2037733d82159ee49139daf30ab,1534103337
26a32db2c8eb5d418141ae6f5b974f0bbdaa2ac259f21d75e18ca388ad9b218e,578596b69ebf2a4d843e5964c9da7e03c9aedf6842c7d9c926ea1d25e6a524c6,1526098187
520c7b912011fb0ea474c17b562b11372cf96344a452a398d79b76f4b77dc048,89a2a250c4fc378537e493e8cfa8e2e67ec7b4bff52dcc693c6a2afdb7f69b9f,1522862779
9a57cdef47faff55cd825b1bf0521e23de60a21f7324e33038e5a698ad075fb8,3d4632a10e4a3127a8dda058f55a086ec88b91d02e15e84e5a3c9fc5de1d6a76,1524268698
925cf45de5a43be67b6df1be862d2c584a0f3c4fb2d697ba79216fb24e0139e4,d7d7cbb4d088b5964b985613b21725a534cff15efa9281ab2a5a411543489a71,1521326836
8d0d72cf979eca6c5af2c9e88e0ca4f718ed2dc948537c08c760b0dec52b23dc,e29a99a4a3503f1fe66744a09773414c19b5e83a0b39b22c36e4bfc95aa154de,1516266560
a20793049497afa2239301b8b9ec3e2152f8560536da09bd88a719c46d6deee8,abc02fc11520c7de51037ca3b11b004f1ab2ab010b5084888f6011c94114c81d,1518630902
26a32db2c8eb5d418141ae6f5b974f0bbdaa2ac259f21d75e18ca388ad9b218e,2ecd8059d1fcc4fbc5c77d84975e893ed37c177461be6a954c54e927e8622ff3,1522638549
9a57cdef47faff55cd825b1bf0521e23de60a21f7324e33038e5a698ad075fb8,053978a71409d087b34ab8cd786ae3d59d931dba6d10dc0aef171a7f827931c9,1525326591
36dc5e51c24c544b829b47eecf8fc780c3612910cdb0b87693e2fec2c987b8c4,69016ea860663b95f9d0cc58817363303004a32fc9957f9d79e7893e4084881d,1519007017
779f89b324b4ab933ef6f631680cb6de88ff23c78561ed84d4c4134ded0c9a6c,131d9a80aefc55e61afbfe7e69dd4619dc8e71f9df379d2f0f8ac47d9edaa375,1523841324
585190b33cf6e497482b8128e99eff2131478b1ff0319c0a7bb84c7c7fdb854f,eca85e87cd4ef5e8ed5fece1173c3d9a1a1f131222ffa1f118e41ed29c6abc62,1523061302
f3bfede2b39e2cc387fdc7a096807202b7e7c0272dfe793f9bf823f9f61f1b9e,eca85e87cd4ef5e8ed5fece1173c3d9a1a1f131222ffa1f118e41ed29c6abc62,1521795536
5d43f12c82b30cd5a54fecf35ec2afcdea8cd5dacae3705b9a7b15c4c9f4bd8f,c259efabc5c696bb45b1923fb302fe7d5a1e69ff3251ec5cedba8c5691fc9932,1532582965
3373a92b56fdeab9d60c185cfc2d87f6f6ca6fb486e236a4ac6dbd0615b530f4,568bda07ab9aabc1acaf3fdb52b4c6ca0577e78c9b956e39722033be528bdee0,1527853547
37fc0cd75db3fc54cb69cb2d637a5896b0670fe74a85f5a4eeb9e200b1211fb4,6080bf87af2b2061910435588058862b104486d0967075d46b7b72110d520cf0,1533423298
e9036325f3cd83d668a4e5eb95e3ded96c7216d423f2498b2d44d611377b1ba4,c0d3c66b08b45c28dab0d9fa72dc2ce508a18ffaae40fea997f40e2738a2786a,1515925769
5d43f12c82b30cd5a54fecf35ec2afcdea8cd5dacae3705b9a7b15c4c9f4bd8f,c0d3c66b08b45c28dab0d9fa72dc2ce508a18ffaae40fea997f40e2738a2786a,1520622511
9a57cdef47faff55cd825b1bf0521e23de60a21f7324e33038e5a698ad075fb8,cdc825cdaaa7d9476655fc8b50c4b83e20d72c5aaae92d35991dfe2d9ddd23b3,1519129334
6ce4b30299050a3b132843d73cce487e112e31bdce93d198d470cedf1cd729cb,c259efabc5c696bb45b1923fb302fe7d5a1e69ff3251ec5cedba8c5691fc9932,1521294409
38b4d27b1c84aec2aed786410e236d049c81d7aa82c3535dafd69835fc523400,053978a71409d087b34ab8cd786ae3d59d931dba6d10dc0aef171a7f827931c9,1523746194
a20793049497afa2239301b8b9ec3e2152f8560536da09bd88a719c46d6deee8,c492b476f037ad9f09c2de87479e09485e11313ca6a3908b6bbaca436a2ee9b9,1532924656
3f923f9e9d12e1b86bd8cee3fe5286cd355c2124496bf5427f09e481566ee4d6,d660db6bde2a0e93b2651854e414dfe0a1fd53e2e5c419dcc476e8b8d63683c7,1516034090
e9036325f3cd83d668a4e5eb95e3ded96c7216d423f2498b2d44d611377b1ba4,c259efabc5c696bb45b1923fb302fe7d5a1e69ff3251ec5cedba8c5691fc9932,1518538016
2f491f7448fafe856484973e8ee3cbd8ddaea73f0b6c732ae3a8183071477437,e913c0cdbed32d60ce7e7b9fa225bb5655a0c2037733d82159ee49139daf30ab,1524361700
43dab768451e98474f7b3aabf4d8c4e815fa8f03b754225305bc4da5f142fb77,c259efabc5c696bb45b1923fb302fe7d5a1e69ff3251ec5cedba8c5691fc9932,1533670706
cb779fc78b1a0fae5c2af78cdbf2ea75b7f28a571ee7e06ccd745dd41f00b421,b3a5c7c4e22068066e9d95e2c3df8723b7c2100c4864574831019688ffbab145,1529272927
35d3951777ed72e4b96e179f662bbc69ebd39cacdbb6dd79feaacd7d5e84e346,30cda95db0bcf0c657900ac182173ec22ce3906c881de8b3c4cc603b436d2191,1516404282
102766cdef1b5a1e50309df03a0366ebec3a048cc430159f591405a103cd6814,85dcc68d58a3f3f606ab8ae4601286d5548f15cb23986b6b6eb4251c88fa41ad,1523581846
99f280951ea77aa3b3c5a0def79d976644d46d199878f799b079c10eb8c8ebd0,c0d3c66b08b45c28dab0d9fa72dc2ce508a18ffaae40fea997f40e2738a2786a,1517470568
9927dd89ef4434b1c9d71aad2ca4e75f20145e925d95b3d2722d4a31e56afd9e,f495d08f788d46a2356f45426923192846caa0ea6b94f1400c1a9bbee814c7e5,1527477182
6ee213d7e060584499810e8cdd35c622fb9c6307492dd612d77be3cdd2890ac3,131d9a80aefc55e61afbfe7e69dd4619dc8e71f9df379d2f0f8ac47d9edaa375,1533702058
9a57cdef47faff55cd825b1bf0521e23de60a21f7324e33038e5a698ad075fb8,578596b69ebf2a4d843e5964c9da7e03c9aedf6842c7d9c926ea1d25e6a524c6,1517330476
9652921b6dca8354f5a26e5322835ae1ca02ae8d60e0ff71cf96fe42b411e030,aebd45c6be353fc7c4a85693a6b947f7aedbf2bf2b811f9b3e16f7a9002e11e4,1519798997
a20793049497afa2239301b8b9ec3e2152f8560536da09bd88a719c46d6deee8,6080bf87af2b2061910435588058862b104486d0967075d46b7b72110d520cf0,1519415240
9a57cdef47faff55cd825b1bf0521e23de60a21f7324e33038e5a698ad075fb8,c0d3c66b08b45c28dab0d9fa72dc2ce508a18ffaae40fea997f40e2738a2786a,1523504809
32e72753cf9bd0dc54f059525bc1007d64e9abdb8af62fb9c3514a5420bc0f72,56ac3a65723f33e6f54f86318497bde2469750aa4e4e0aeb6f484bcb1db2a640,1523529238
9927dd89ef4434b1c9d71aad2ca4e75f20145e925d95b3d2722d4a31e56afd9e,17cd52f27d74444ba4804d020446eb3895b5ab2f67c754395f706bddc97cb859,1525774383
d87d123e85a684348ede24be2ffee487dd640c4f131702019233d4ba491dd7fd,3ff265e0d5d20da8a3414e2f49b941ba84c01ca5962f3adf3e4e49f792781d06,1533104359
520c7b912011fb0ea474c17b562b11372cf96344a452a398d79b76f4b77dc048,529ea336c479c49f83c8e3bab0b34c6ef22e8ec35013faa1435283e0c728223c,1527162021
779f89b324b4ab933ef6f631680cb6de88ff23c78561ed84d4c4134ded0c9a6c,34693b2c53fac741717c7eeb8b95aa21143bd3aac6cc7fa437df3eac21f3f1d4,1524945948
766ad4d42457703c52b0e80141080d437650169d3ed5fea384f4e8d065e14695,eca85e87cd4ef5e8ed5fece1173c3d9a1a1f131222ffa1f118e41ed29c6abc62,1532635256
585190b33cf6e497482b8128e99eff2131478b1ff0319c0a7bb84c7c7fdb854f,be30db6a86422aa22b6b0253eee5d26d544c61c4d80884cb9c8846b34b79867f,1518923570
3373a92b56fdeab9d60c185cfc2d87f6f6ca6fb486e236a4ac6dbd0615b530f4,044778464e4105a3362c9125f5055bb28f69ab27108ff24a94ab037df4411279,1525704044
24432e122d7f69b4052213e434e335bc589c9804d09b3ae81af67f2623fa704d,17cd52f27d74444ba4804d020446eb3895b5ab2f67c754395f706bddc97cb859,1534367865
9a57cdef47faff55cd825b1bf0521e23de60a21f7324e33038e5a698ad075fb8,b37bfa04523147b7e243fd04a64bef5bb5520f2a35ee5bf0fe3e2e98699e15ea,1532927283
43dab768451e98474f7b3aabf4d8c4e815fa8f03b754225305bc4da5f142fb77,e29a99a4a3503f1fe66744a09773414c19b5e83a0b39b22c36e4bfc95aa154de,1518439803
8d9737db4032c30189056dde75bb9c7f56ee7adc93863c46480af3872a6f94fc,e29a99a4a3503f1fe66744a09773414c19b5e83a0b39b22c36e4bfc95aa154de,1530990681
8d0d72cf979eca6c5af2c9e88e0ca4f718ed2dc948537c08c760b0dec52b23dc,3d4632a10e4a3127a8dda058f55a086ec88b91d02e15e84e5a3c9fc5de1d6a76,1524517433
6ce4b30299050a3b132843d73cce487e112e31bdce93d198d470cedf1cd729cb,c0d3c66b08b45c28dab0d9fa72dc2ce508a18ffaae40fea997f40e2738a2786a,1529006728
1236477bd6c80948f487c4f5a75acb47f526cbbadb876de7e6bea95dc0af6c8e,3dda610311b9750f78878d68ad9a8aa12e4f88f93cdae82b771c4199dc690187,1533319527
102766cdef1b5a1e50309df03a0366ebec3a048cc430159f591405a103cd6814,be30db6a86422aa22b6b0253eee5d26d544c61c4d80884cb9c8846b34b79867f,1523489213
32e72753cf9bd0dc54f059525bc1007d64e9abdb8af62fb9c3514a5420bc0f72,044778464e4105a3362c9125f5055bb28f69ab27108ff24a94ab037df4411279,1519860314
c2c28225811bc6181b9b5e2ae68c2784e20c6504d31dd25e56164e1f34fbce08,25e3ee58635e408287555b87cd6782c08da450e34215b45e978fd6590b718c1c,1516443309
9652921b6dca8354f5a26e5322835ae1ca02ae8d60e0ff71cf96fe42b411e030,40d20375505baf91da5307b07ea58f76aa7757d35cec37ee229768df0f0e9088,1523063047
cbd56d55a4c8b2412eeabe8fc0d7ca66fd16419f92563c5269efbe14919cb5e2,66c4ca97d91e89fd94ae1636b8ef0d198b745f31a8da48ce91c6eb980f7f43d7,1524727339
c2c28225811bc6181b9b5e2ae68c2784e20c6504d31dd25e56164e1f34fbce08,578596b69ebf2a4d843e5964c9da7e03c9aedf6842c7d9c926ea1d25e6a524c6,1521587033
43dab768451e98474f7b3aabf4d8c4e815fa8f03b754225305bc4da5f142fb77,9ed0340d34ef514f3776d02ecfbaa5b380f79b5024e1e32cb93d407229746343,1528993556
72ed0d168284df490089e6ef337ef09f792bb176e113b2dcf234b2546ae8819d,5580a047302dbddeec982629951012e0c3b81088a9042571c3c63d606ca22a6e,1523608820
247b518f7ccd5189588df4ad28dc2bd9b9ea067ccd481d3018a3ae3bf8560578,e913c0cdbed32d60ce7e7b9fa225bb5655a0c2037733d82159ee49139daf30ab,1530973895
1236477bd6c80948f487c4f5a75acb47f526cbbadb876de7e6bea95dc0af6c8e,b3a5c7c4e22068066e9d95e2c3df8723b7c2100c4864574831019688ffbab145,1519014003
35d3951777ed72e4b96e179f662bbc69ebd39cacdbb6dd79feaacd7d5e84e346,f4ed7968d5e346cf43c8dcb25cbc42827718e4a0e79843e52777ebc921f1fae9,1526939831
512a2f1404d88610d764dabdb1bc93daad7cde5c2f1846ae7c483bb93f0d038b,30cda95db0bcf0c657900ac182173ec22ce3906c881de8b3c4cc603b436d2191,1520608196
6ce4b30299050a3b132843d73cce487e112e31bdce93d198d470cedf1cd729cb,66c4ca97d91e89fd94ae1636b8ef0d198b745f31a8da48ce91c6eb980f7f43d7,1532274576
9927dd89ef4434b1c9d71aad2ca4e75f20145e925d95b3d2722d4a31e56afd9e,5580a047302dbddeec982629951012e0c3b81088a9042571c3c63d606ca22a6e,1526786354
3a54508ad4ff7a62fbca5f753919709565faefb679ddfbff55015145610715f6,ba99c310b9e7ae8fc11cc010f7c71756e1e00be464407ae4869db1708b3758f8,1522504945
35d3951777ed72e4b96e179f662bbc69ebd39cacdbb6dd79feaacd7d5e84e346,be30db6a86422aa22b6b0253eee5d26d544c61c4d80884cb9c8846b34b79867f,1528478083
2d36a12259d6a951f571b00fea26d74c250eddee031ca079b48ef5bc68236f57,f835d9f0a999484f0a988cd86672317bb159cfd8c6a93aad0ea556ff83c46fb6,1517318410
585190b33cf6e497482b8128e99eff2131478b1ff0319c0a7bb84c7c7fdb854f,c492b476f037ad9f09c2de87479e09485e11313ca6a3908b6bbaca436a2ee9b9,1530943465
36dc5e51c24c544b829b47eecf8fc780c3612910cdb0b87693e2fec2c987b8c4,f835d9f0a999484f0a988cd86672317bb159cfd8c6a93aad0ea556ff83c46fb6,1525129823
38b4d27b1c84aec2aed786410e236d049c81d7aa82c3535dafd69835fc523400,25e3ee58635e408287555b87cd6782c08da450e34215b45e978fd6590b718c1c,1529577011
24432e122d7f69b4052213e434e335bc589c9804d09b3ae81af67f2623fa704d,3b892cc2bebfbbe42bcdfacb3cf2c3e1365bf6b551bb6c9a40ffc39d680afe86,1517299046
72ed0d168284df490089e6ef337ef09f792bb176e113b2dcf234b2546ae8819d,eca85e87cd4ef5e8ed5fece1173c3d9a1a1f131222ffa1f118e41ed29c6abc62,1526999758
766ad4d42457703c52b0e80141080d437650169d3ed5fea384f4e8d065e14695,56ac3a65723f33e6f54f86318497bde2469750aa4e4e0aeb6f484bcb1db2a640,1522182173
0bb941428d4adbd19419cedadf1dac2b4213ab1a9bd9d632915a2be318f00188,bc1e4b5439349a9b19a5202cfd843b47d66a4ab2db581880671aa8ea5c06c79a,1515383120
f76e7194d132d9618ae4dab4cb2dbc85b0cf2132efbb90726ed128b2cf557c3d,eca85e87cd4ef5e8ed5fece1173c3d9a1a1f131222ffa1f118e41ed29c6abc62,1517936260
9927dd89ef4434b1c9d71aad2ca4e75f20145e925d95b3d2722d4a31e56afd9e,053978a71409d087b34ab8cd786ae3d59d931dba6d10dc0aef171a7f827931c9,1531255305
cbd56d55a4c8b2412eeabe8fc0d7ca66fd16419f92563c5269efbe14919cb5e2,8296c9fe1dd12b208397fb80bba9f8e5c5d35d1d1be7c38737a22f75340edc76,1523422302
66ec5a78515930880bef0b9ca48a8c7b0e3d21a400cbd315096e5ffe7c23edb8,6080bf87af2b2061910435588058862b104486d0967075d46b7b72110d520cf0,1527812542
247b518f7ccd5189588df4ad28dc2bd9b9ea067ccd481d3018a3ae3bf8560578,8118e13eb2b4595f304db3a04b2923e535265cbefc0c63121174d3fb3b76ddb4,1530834496
3f923f9e9d12e1b86bd8cee3fe5286cd355c2124496bf5427f09e481566ee4d6,053978a71409d087b34ab8cd786ae3d59d931dba6d10dc0aef171a7f827931c9,1533289802
3adc8380dea4604872a990296c396cb35c70a40d21312c5f23975710d3b448e0,2ecd8059d1fcc4fbc5c77d84975e893ed37c177461be6a954c54e927e8622ff3,1527965559
cbd56d55a4c8b2412eeabe8fc0d7ca66fd16419f92563c5269efbe14919cb5e2,d7d7cbb4d088b5964b985613b21725a534cff15efa9281ab2a5a411543489a71,1523259394
66ec5a78515930880bef0b9ca48a8c7b0e3d21a400cbd315096e5ffe7c23edb8,131d9a80aefc55e61afbfe7e69dd4619dc8e71f9df379d2f0f8ac47d9edaa375,1528964048
3373a92b56fdeab9d60c185cfc2d87f6f6ca6fb486e236a4ac6dbd0615b530f4,76d3b4527a4dbc3cb9e9e749348694a60890e0ebdbb8ee69c9fb342637ad8c16,1516147997
32e72753cf9bd0dc54f059525bc1007d64e9abdb8af62fb9c3514a5420bc0f72,abc02fc11520c7de51037ca3b11b004f1ab2ab010b5084888f6011c94114c81d,1517668899
e9036325f3cd83d668a4e5eb95e3ded96c7216d423f2498b2d44d611377b1ba4,85dcc68d58a3f3f606ab8ae4601286d5548f15cb23986b6b6eb4251c88fa41ad,1532979864
779f89b324b4ab933ef6f631680cb6de88ff23c78561ed84d4c4134ded0c9a6c,30cda95db0bcf0c657900ac182173ec22ce3906c881de8b3c4cc603b436d2191,1521231994
38b4d27b1c84aec2aed786410e236d049c81d7aa82c3535dafd69835fc523400,578596b69ebf2a4d843e5964c9da7e03c9aedf6842c7d9c926ea1d25e6a524c6,1532284866
cb25cadca973c93a97c7a23e3a87eee5b5b1332e606df624223b2cb833b50b13,3ff265e0d5d20da8a3414e2f49b941ba84c01ca5962f3adf3e4e49f792781d06,1516746489
3a54508ad4ff7a62fbca5f753919709565faefb679ddfbff55015145610715f6,e29a99a4a3503f1fe66744a09773414c19b5e83a0b39b22c36e4bfc95aa154de,1528923874
9a57cdef47faff55cd825b1bf0521e23de60a21f7324e33038e5a698ad075fb8,044778464e4105a3362c9125f5055bb28f69ab27108ff24a94ab037df4411279,1532906640
9a57cdef47faff55cd825b1bf0521e23de60a21f7324e33038e5a698ad075fb8,b3a5c7c4e22068066e9d95e2c3df8723b7c2100c4864574831019688ffbab145,1529889080
3f923f9e9d12e1b86bd8cee3fe5286cd355c2124496bf5427f09e481566ee4d6,89a2a250c4fc378537e493e8cfa8e2e67ec7b4bff52dcc693c6a2afdb7f69b9f,1527600768
2d36a12259d6a951f571b00fea26d74c250eddee031ca079b48ef5bc68236f57,eca85e87cd4ef5e8ed5fece1173c3d9a1a1f131222ffa1f118e41ed29c6abc62,1532611007
6ee213d7e060584499810e8cdd35c622fb9c6307492dd612d77be3cdd2890ac3,89a2a250c4fc378537e493e8cfa8e2e67ec7b4bff52dcc693c6a2afdb7f69b9f,1531954550
9a57cdef47faff55cd825b1bf0521e23de60a21f7324e33038e5a698ad075fb8,e29a99a4a3503f1fe66744a09773414c19b5e83a0b39b22c36e4bfc95aa154de,1517812846
e9036325f3cd83d668a4e5eb95e3ded96c7216d423f2498b2d44d611377b1ba4,76d3b4527a4dbc3cb9e9e749348694a60890e0ebdbb8ee69c9fb342637ad8c16,1530437087
cbd56d55a4c8b2412eeabe8fc0d7ca66fd16419f92563c5269efbe14919cb5e2,578596b69ebf2a4d843e5964c9da7e03c9aedf6842c7d9c926ea1d25e6a524c6,1521220401
d87d123e85a684348ede24be2ffee487dd640c4f131702019233d4ba491dd7fd,568bda07ab9aabc1acaf3fdb52b4c6ca0577e78c9b956e39722033be528bdee0,1519544454
8d0d72cf979eca6c5af2c9e88e0ca4f718ed2dc948537c08c760b0dec52b23dc,568bda07ab9aabc1acaf3fdb52b4c6ca0577e78c9b956e39722033be528bdee0,1519770984
2d36a12259d6a951f571b00fea26d74c250eddee031ca079b48ef5bc68236f57,c492b476f037ad9f09c2de87479e09485e11313ca6a3908b6bbaca436a2ee9b9,1514998806
38b4d27b1c84aec2aed786410e236d049c81d7aa82c3535dafd69835fc523400,17cd52f27d74444ba4804d020446eb3895b5ab2f67c754395f706bddc97cb859,1526288215
2f491f7448fafe856484973e8ee3cbd8ddaea73f0b6c732ae3a8183071477437,044778464e4105a3362c9125f5055bb28f69ab27108ff24a94ab037df4411279,1526343537
925cf45de5a43be67b6df1be862d2c584a0f3c4fb2d697ba79216fb24e0139e4,5580a047302dbddeec982629951012e0c3b81088a9042571c3c63d606ca22a6e,1517728047
72ed0d168284df490089e6ef337ef09f792bb176e113b2dcf234b2546ae8819d,6080bf87af2b2061910435588058862b104486d0967075d46b7b72110d520cf0,1518818976
102766cdef1b5a1e50309df03a0366ebec3a048cc430159f591405a103cd6814,37a5821f758f4f076f73381cdc210eb7302f75670dd3fe77a96894b0280f307e,1528213722
3f923f9e9d12e1b86bd8cee3fe5286cd355c2124496bf5427f09e481566ee4d6,40d20375505baf91da5307b07ea58f76aa7757d35cec37ee229768df0f0e9088,1531408519
9927dd89ef4434b1c9d71aad2ca4e75f20145e925d95b3d2722d4a31e56afd9e,f4ed7968d5e346cf43c8dcb25cbc42827718e4a0e79843e52777ebc921f1fae9,1527015235
585190b33cf6e497482b8128e99eff2131478b1ff0319c0a7bb84c7c7fdb854f,765097265d68a08e41d7bc0b112b874974d73d622c09f3081aa013cb96bfa5f3,1521603879
380fd5d755ffa185bafdba3a003f263524d51901f0974ef1e03ebba67c6dee16,8296c9fe1dd12b208397fb80bba9f8e5c5d35d1d1be7c38737a22f75340edc76,1529184373
37fc0cd75db3fc54cb69cb2d637a5896b0670fe74a85f5a4eeb9e200b1211fb4,e913c0cdbed32d60ce7e7b9fa225bb5655a0c2037733d82159ee49139daf30ab,1517706870
6ee213d7e060584499810e8cdd35c622fb9c6307492dd612d77be3cdd2890ac3,b3a5c7c4e22068066e9d95e2c3df8723b7c2100c4864574831019688ffbab145,1520583066
2d36a12259d6a951f571b00fea26d74c250eddee031ca079b48ef5bc68236f57,85dcc68d58a3f3f606ab8ae4601286d5548f15cb23986b6b6eb4251c88fa41ad,1528613572
8d9737db4032c30189056dde75bb9c7f56ee7adc93863c46480af3872a6f94fc,abc02fc11520c7de51037ca3b11b004f1ab2ab010b5084888f6011c94114c81d,1515806214
2d36a12259d6a951f571b00fea26d74c250eddee031ca079b48ef5bc68236f57,25e3ee58635e408287555b87cd6782c08da450e34215b45e978fd6590b718c1c,1529686983
9652921b6dca8354f5a26e5322835ae1ca02ae8d60e0ff71cf96fe42b411e030,f495d08f788d46a2356f45426923192846caa0ea6b94f1400c1a9bbee814c7e5,1520583578
d87d123e85a684348ede24be2ffee487dd640c4f131702019233d4ba491dd7fd,3d4632a10e4a3127a8dda058f55a086ec88b91d02e15e84e5a3c9fc5de1d6a76,1533999426
cb25cadca973c93a97c7a23e3a87eee5b5b1332e606df624223b2cb833b50b13,568bda07ab9aabc1acaf3fdb52b4c6ca0577e78c9b956e39722033be528bdee0,1529403048
0bb941428d4adbd19419cedadf1dac2b4213ab1a9bd9d632915a2be318f00188,9ed0340d34ef514f3776d02ecfbaa5b380f79b5024e1e32cb93d407229746343,1518525471
cb779fc78b1a0fae5c2af78cdbf2ea75b7f28a571ee7e06ccd745dd41f00b421,c0d3c66b08b45c28dab0d9fa72dc2ce508a18ffaae40fea997f40e2738a2786a,1526300841
5d43f12c82b30cd5a54fecf35ec2afcdea8cd5dacae3705b9a7b15c4c9f4bd8f,17cd52f27d74444ba4804d020446eb3895b5ab2f67c754395f706bddc97cb859,1526775196
8d9737db4032c30189056dde75bb9c7f56ee7adc93863c46480af3872a6f94fc,25e3ee58635e408287555b87cd6782c08da450e34215b45e978fd6590b718c1c,1527625094
38b4d27b1c84aec2aed786410e236d049c81d7aa82c3535dafd69835fc523400,f835d9f0a999484f0a988cd86672317bb159cfd8c6a93aad0ea556ff83c46fb6,1522070992
766ad4d42457703c52b0e80141080d437650169d3ed5fea384f4e8d065e14695,66c4ca97d91e89fd94ae1636b8ef0d198b745f31a8da48ce91c6eb980f7f43d7,1515095276
9652921b6dca8354f5a26e5322835ae1ca02ae8d60e0ff71cf96fe42b411e030,40d20375505baf91da5307b07ea58f76aa7757d35cec37ee229768df0f0e9088,1515914637
32e72753cf9bd0dc54f059525bc1007d64e9abdb8af62fb9c3514a5420bc0f72,6080bf87af2b2061910435588058862b104486d0967075d46b7b72110d520cf0,1522741703
1236477bd6c80948f487c4f5a75acb47f526cbbadb876de7e6bea95dc0af6c8e,c0d3c66b08b45c28dab0d9fa72dc2ce508a18ffaae40fea997f40e2738a2786a,1529125297
3373a92b56fdeab9d60c185cfc2d87f6f6ca6fb486e236a4ac6dbd0615b530f4,f495d08f788d46a2356f45426923192846caa0ea6b94f1400c1a9bbee814c7e5,1524875690
3373a92b56fdeab9d60c185cfc2d87f6f6ca6fb486e236a4ac6dbd0615b530f4,76d3b4527a4dbc3cb9e9e749348694a60890e0ebdbb8ee69c9fb342637ad8c16,1519875646
d87d123e85a684348ede24be2ffee487dd640c4f131702019233d4ba491dd7fd,9ed0340d34ef514f3776d02ecfbaa5b380f79b5024e1e32cb93d407229746343,1529891380
3f923f9e9d12e1b86bd8cee3fe5286cd355c2124496bf5427f09e481566ee4d6,c0d3c66b08b45c28dab0d9fa72dc2ce508a18ffaae40fea997f40e2738a2786a,1525735329
26a32db2c8eb5d418141ae6f5b974f0bbdaa2ac259f21d75e18ca388ad9b218e,30cda95db0bcf0c657900ac182173ec22ce3906c881de8b3c4cc603b436d2191,1532503690
35d3951777ed72e4b96e179f662bbc69ebd39cacdbb6dd79feaacd7d5e84e346,d660db6bde2a0e93b2651854e414dfe0a1fd53e2e5c419dcc476e8b8d63683c7,1517100366
6914b3e9c4508debb26ad85782eee340222dfb97efbf9e7dcb79a768fe9d132b,40d20375505baf91da5307b07ea58f76aa7757d35cec37ee229768df0f0e9088,1532241452
9652921b6dca8354f5a26e5322835ae1ca02ae8d60e0ff71cf96fe42b411e030,9ed0340d34ef514f3776d02ecfbaa5b380f79b5024e1e32cb93d407229746343,1524429721
5d43f12c82b30cd5a54fecf35ec2afcdea8cd5dacae3705b9a7b15c4c9f4bd8f,aebd45c6be353fc7c4a85693a6b947f7aedbf2bf2b811f9b3e16f7a9002e11e4,1515408253
66ec5a78515930880bef0b9ca48a8c7b0e3d21a400cbd315096e5ffe7c23edb8,56ac3a65723f33e6f54f86318497bde2469750aa4e4e0aeb6f484bcb1db2a640,1518662087
cb25cadca973c93a97c7a23e3a87eee5b5b1332e606df624223b2cb833b50b13,d7d7cbb4d088b5964b985613b21725a534cff15efa9281ab2a5a411543489a71,1516910852
66ec5a78515930880bef0b9ca48a8c7b0e3d21a400cbd315096e5ffe7c23edb8,6044a6537a269f9e3c7237915f51157dd1b2cf528c189c5a2c219f83259eb594,1516800415
247b518f7ccd5189588df4ad28dc2bd9b9ea067ccd481d3018a3ae3bf8560578,3b892cc2bebfbbe42bcdfacb3cf2c3e1365bf6b551bb6c9a40ffc39d680afe86,1530473403
cb779fc78b1a0fae5c2af78cdbf2ea75b7f28a571ee7e06ccd745dd41f00b421,529ea336c479c49f83c8e3bab0b34c6ef22e8ec35013faa1435283e0c728223c,1520688081
32e72753cf9bd0dc54f059525bc1007d64e9abdb8af62fb9c3514a5420bc0f72,044778464e4105a3362c9125f5055bb28f69ab27108ff24a94ab037df4411279,1519703879
72ed0d168284df490089e6ef337ef09f792bb176e113b2dcf234b2546ae8819d,e913c0cdbed32d60ce7e7b9fa225bb5655a0c2037733d82159ee49139daf30ab,1517510619
247b518f7ccd5189588df4ad28dc2bd9b9ea067ccd481d3018a3ae3bf8560578,cad54cf728084c29159e6de13e7e4f5840d624786cc00d04e7c4aa094ad4a4bc,1529147754
2d36a12259d6a951f571b00fea26d74c250eddee031ca079b48ef5bc68236f57,56ac3a65723f33e6f54f86318497bde2469750aa4e4e0aeb6f484bcb1db2a640,1522479416
32e72753cf9bd0dc54f059525bc1007d64e9abdb8af62fb9c3514a5420bc0f72,56ac3a65723f33e6f54f86318497bde2469750aa4e4e0aeb6f484bcb1db2a640,1522067969
925cf45de5a43be67b6df1be862d2c584a0f3c4fb2d697ba79216fb24e0139e4,c259efabc5c696bb45b1923fb302fe7d5a1e69ff3251ec5cedba8c5691fc9932,1532691686
38b4d27b1c84aec2aed786410e236d049c81d7aa82c3535dafd69835fc523400,d7d7cbb4d088b5964b985613b21725a534cff15efa9281ab2a5a411543489a71,1519703047
585190b33cf6e497482b8128e99eff2131478b1ff0319c0a7bb84c7c7fdb854f,76d3b4527a4dbc3cb9e9e749348694a60890e0ebdbb8ee69c9fb342637ad8c16,1517604769
3a54508ad4ff7a62fbca5f753919709565faefb679ddfbff55015145610715f6,b37bfa04523147b7e243fd04a64bef5bb5520f2a35ee5bf0fe3e2e98699e15ea,1533784565
99f280951ea77aa3b3c5a0def79d976644d46d199878f799b079c10eb8c8ebd0,8296c9fe1dd12b208397fb80bba9f8e5c5d35d1d1be7c38737a22f75340edc76,1521567837
f3bfede2b39e2cc387fdc7a096807202b7e7c0272dfe793f9bf823f9f61f1b9e,b37bfa04523147b7e243fd04a64bef5bb5520f2a35ee5bf0fe3e2e98699e15ea,1532213701
37fc0cd75db3fc54cb69cb2d637a5896b0670fe74a85f5a4eeb9e200b1211fb4,cdc825cdaaa7d9476655fc8b50c4b83e20d72c5aaae92d35991dfe2d9ddd23b3,1534174050
24432e122d7f69b4052213e434e335bc589c9804d09b3ae81af67f2623fa704d,3ff265e0d5d20da8a3414e2f49b941ba84c01ca5962f3adf3e4e49f792781d06,1527468213
9927dd89ef4434b1c9d71aad2ca4e75f20145e925d95b3d2722d4a31e56afd9e,69016ea860663b95f9d0cc58817363303004a32fc9957f9d79e7893e4084881d,1517239739
26a32db2c8eb5d418141ae6f5b974f0bbdaa2ac259f21d75e18ca388ad9b218e,aebd45c6be353fc7c4a85693a6b947f7aedbf2bf2b811f9b3e16f7a9002e11e4,1519435740
512a2f1404d88610d764dabdb1bc93daad7cde5c2f1846ae7c483bb93f0d038b,abc02fc11520c7de51037ca3b11b004f1ab2ab010b5084888f6011c94114c81d,1525999147
d87d123e85a684348ede24be2ffee487dd640c4f131702019233d4ba491dd7fd,3b892cc2bebfbbe42bcdfacb3cf2c3e1365bf6b551bb6c9a40ffc39d680afe86,1530493081
d87d123e85a684348ede24be2ffee487dd640c4f131702019233d4ba491dd7fd,d7d7cbb4d088b5964b985613b21725a534cff15efa9281ab2a5a411543489a71,1531977512
102766cdef1b5a1e50309df03a0366ebec3a048cc430159f591405a103cd6814,3ff265e0d5d20da8a3414e2f49b941ba84c01ca5962f3adf3e4e49f792781d06,1515803736
43dab768451e98474f7b3aabf4d8c4e815fa8f03b754225305bc4da5f142fb77,be30db6a86422aa22b6b0253eee5d26d544c61c4d80884cb9c8846b34b79867f,1530138906
9652921b6dca8354f5a26e5322835ae1ca02ae8d60e0ff71cf96fe42b411e030,3dda610311b9750f78878d68ad9a8aa12e4f88f93cdae82b771c4199dc690187,1530655667
f76e7194d132d9618ae4dab4cb2dbc85b0cf2132efbb90726ed128b2cf557c3d,131d9a80aefc55e61afbfe7e69dd4619dc8e71f9df379d2f0f8ac47d9edaa375,1518736514
ba46aa96bed7104dd7ad14704519d12ed13cb9fc6bd5aba3aed74a3edfc6623b,bc1e4b5439349a9b19a5202cfd843b47d66a4ab2db581880671aa8ea5c06c79a,1525696462
102766cdef1b5a1e50309df03a0366ebec3a048cc430159f591405a103cd6814,6044a6537a269f9e3c7237915f51157dd1b2cf528c189c5a2c219f83259eb594,1522526018
01a26043d6e6ed360fbe34830ed46ebd9d40cd50b4bc5661172143a31ba3bacb,765097265d68a08e41d7bc0b112b874974d73d622c09f3081aa013cb96bfa5f3,1515874094
43dab768451e98474f7b3aabf4d8c4e815fa8f03b754225305bc4da5f142fb77,bc1e4b5439349a9b19a5202cfd843b47d66a4ab2db581880671aa8ea5c06c79a,1515854703
3373a92b56fdeab9d60c185cfc2d87f6f6ca6fb486e236a4ac6dbd0615b530f4,b37bfa04523147b7e243fd04a64bef5bb5520f2a35ee5bf0fe3e2e98699e15ea,1531965771
8d0d72cf979eca6c5af2c9e88e0ca4f718ed2dc948537c08c760b0dec52b23dc,3ff265e0d5d20da8a3414e2f49b941ba84c01ca5962f3adf3e4e49f792781d06,1531052793
43dab768451e98474f7b3aabf4d8c4e815fa8f03b754225305bc4da5f142fb77,85dcc68d58a3f3f606ab8ae4601286d5548f15cb23986b6b6eb4251c88fa41ad,1517992454
cbd56d55a4c8b2412eeabe8fc0d7ca66fd16419f92563c5269efbe14919cb5e2,2ecd8059d1fcc4fbc5c77d84975e893ed37c177461be6a954c54e927e8622ff3,1524383050
6914b3e9c4508debb26ad85782eee340222dfb97efbf9e7dcb79a768fe9d132b,578596b69ebf2a4d843e5964c9da7e03c9aedf6842c7d9c926ea1d25e6a524c6,1516913580
35d3951777ed72e4b96e179f662bbc69ebd39cacdbb6dd79feaacd7d5e84e346,ba99c310b9e7ae8fc11cc010f7c71756e1e00be464407ae4869db1708b3758f8,1527329758
43dab768451e98474f7b3aabf4d8c4e815fa8f03b754225305bc4da5f142fb77,b3a5c7c4e22068066e9d95e2c3df8723b7c2100c4864574831019688ffbab145,1522362085
38b4d27b1c84aec2aed786410e236d049c81d7aa82c3535dafd69835fc523400,aebd45c6be353fc7c4a85693a6b947f7aedbf2bf2b811f9b3e16f7a9002e11e4,1524023154
1236477bd6c80948f487c4f5a75acb47f526cbbadb876de7e6bea95dc0af6c8e,e913c0cdbed32d60ce7e7b9fa225bb5655a0c2037733d82159ee49139daf30ab,1525920988
0bb941428d4adbd19419cedadf1dac2b4213ab1a9bd9d632915a2be318f00188,cad54cf728084c29159e6de13e7e4f5840d624786cc00d04e7c4aa094ad4a4bc,1519802105
102766cdef1b5a1e50309df03a0366ebec3a048cc430159f591405a103cd6814,d7d7cbb4d088b5964b985613b21725a534cff15efa9281ab2a5a411543489a71,1534497904
6ce4b30299050a3b132843d73cce487e112e31bdce93d198d470cedf1cd729cb,30cda95db0bcf0c657900ac182173ec22ce3906c881de8b3c4cc603b436d2191,1519051247
6ce4b30299050a3b132843d73cce487e112e31bdce93d198d470cedf1cd729cb,529ea336c479c49f83c8e3bab0b34c6ef22e8ec35013faa1435283e0c728223c,1523087525
3f923f9e9d12e1b86bd8cee3fe5286cd355c2124496bf5427f09e481566ee4d6,34693b2c53fac741717c7eeb8b95aa21143bd3aac6cc7fa437df3eac21f3f1d4,1528022758
9a57cdef47faff55cd825b1bf0521e23de60a21f7324e33038e5a698ad075fb8,85dcc68d58a3f3f606ab8ae4601286d5548f15cb23986b6b6eb4251c88fa41ad,1520095544
2f491f7448fafe856484973e8ee3cbd8ddaea73f0b6c732ae3a8183071477437,d660db6bde2a0e93b2651854e414dfe0a1fd53e2e5c419dcc476e8b8d63683c7,1521638652
6ce4b30299050a3b132843d73cce487e112e31bdce93d198d470cedf1cd729cb,b3a5c7c4e22068066e9d95e2c3df8723b7c2100c4864574831019688ffbab145,1526994265
3a54508ad4ff7a62fbca5f753919709565faefb679ddfbff55015145610715f6,5580a047302dbddeec982629951012e0c3b81088a9042571c3c63d606ca22a6e,1514894822
8d0d72cf979eca6c5af2c9e88e0ca4f718ed2dc948537c08c760b0dec52b23dc,9ed0340d34ef514f3776d02ecfbaa5b380f79b5024e1e32cb93d407229746343,1522198798
0bb941428d4adbd19419cedadf1dac2b4213ab1a9bd9d632915a2be318f00188,044778464e4105a3362c9125f5055bb28f69ab27108ff24a94ab037df4411279,1517651747
43dab768451e98474f7b3aabf4d8c4e815fa8f03b754225305bc4da5f142fb77,e29a99a4a3503f1fe66744a09773414c19b5e83a0b39b22c36e4bfc95aa154de,1534077200
35d3951777ed72e4b96e179f662bbc69ebd39cacdbb6dd79feaacd7d5e84e346,3ff265e0d5d20da8a3414e2f49b941ba84c01ca5962f3adf3e4e49f792781d06,1525135114
1f803f494c3831d00e8cfa9476ea4856b6ab32fbe0fd00b49d4fe8f911875471,89a2a250c4fc378537e493e8cfa8e2e67ec7b4bff52dcc693c6a2afdb7f69b9f,1527969944
36dc5e51c24c544b829b47eecf8fc780c3612910cdb0b87693e2fec2c987b8c4,25e3ee58635e408287555b87cd6782c08da450e34215b45e978fd6590b718c1c,1521353625
99f280951ea77aa3b3c5a0def79d976644d46d199878f799b079c10eb8c8ebd0,cad54cf728084c29159e6de13e7e4f5840d624786cc00d04e7c4aa094ad4a4bc,1527690188
66ec5a78515930880bef0b9ca48a8c7b0e3d21a400cbd315096e5ffe7c23edb8,3b892cc2bebfbbe42bcdfacb3cf2c3e1365bf6b551bb6c9a40ffc39d680afe86,1523163128
a20793049497afa2239301b8b9ec3e2152f8560536da09bd88a719c46d6deee8,37a5821f758f4f076f73381cdc210eb7302f75670dd3fe77a96894b0280f307e,1521966215
01a26043d6e6ed360fbe34830ed46ebd9d40cd50b4bc5661172143a31ba3bacb,25e3ee58635e408287555b87cd6782c08da450e34215b45e978fd6590b718c1c,1525177090
38b4d27b1c84aec2aed786410e236d049c81d7aa82c3535dafd69835fc523400,abc02fc11520c7de51037ca3b11b004f1ab2ab010b5084888f6011c94114c81d,1519733041
512a2f1404d88610d764dabdb1bc93daad7cde5c2f1846ae7c483bb93f0d038b,76d3b4527a4dbc3cb9e9e749348694a60890e0ebdbb8ee69c9fb342637ad8c16,1533688340
3373a92b56fdeab9d60c185cfc2d87f6f6ca6fb486e236a4ac6dbd0615b530f4,f4ed7968d5e346cf43c8dcb25cbc42827718e4a0e79843e52777ebc921f1fae9,1533557346
6ce4b30299050a3b132843d73cce487e112e31bdce93d198d470cedf1cd729cb,37a5821f758f4f076f73381cdc210eb7302f75670dd3fe77a96894b0280f307e,1517083325
99f280951ea77aa3b3c5a0def79d976644d46d199878f799b079c10eb8c8ebd0,c492b476f037ad9f09c2de87479e09485e11313ca6a3908b6bbaca436a2ee9b9,1529855382
d87d123e85a684348ede24be2ffee487dd640c4f131702019233d4ba491dd7fd,56ac3a65723f33e6f54f86318497bde2469750aa4e4e0aeb6f484bcb1db2a640,1517033821
9652921b6dca8354f5a26e5322835ae1ca02ae8d60e0ff71cf96fe42b411e030,b3a5c7c4e22068066e9d95e2c3df8723b7c2100c4864574831019688ffbab145,1523553854
520c7b912011fb0ea474c17b562b11372cf96344a452a398d79b76f4b77dc048,56ac3a65723f33e6f54f86318497bde2469750aa4e4e0aeb6f484bcb1db2a640,1523918888
8d0d72cf979eca6c5af2c9e88e0ca4f718ed2dc948537c08c760b0dec52b23dc,69016ea860663b95f9d0cc58817363303004a32fc9957f9d79e7893e4084881d,1527895364
2d36a12259d6a951f571b00fea26d74c250eddee031ca079b48ef5bc68236f57,25e3ee58635e408287555b87cd6782c08da450e34215b45e978fd6590b718c1c,1523695474
cbd56d55a4c8b2412eeabe8fc0d7ca66fd16419f92563c5269efbe14919cb5e2,69016ea860663b95f9d0cc58817363303004a32fc9957f9d79e7893e4084881d,1525214068
e9036325f3cd83d668a4e5eb95e3ded96c7216d423f2498b2d44d611377b1ba4,3dda610311b9750f78878d68ad9a8aa12e4f88f93cdae82b771c4199dc690187,1519913138
0bb941428d4adbd19419cedadf1dac2b4213ab1a9bd9d632915a2be318f00188,cdc825cdaaa7d9476655fc8b50c4b83e20d72c5aaae92d35991dfe2d9ddd23b3,1520567257
8d9737db4032c30189056dde75bb9c7f56ee7adc93863c46480af3872a6f94fc,c0d3c66b08b45c28dab0d9fa72dc2ce508a18ffaae40fea997f40e2738a2786a,1533538368
36dc5e51c24c544b829b47eecf8fc780c3612910cdb0b87693e2fec2c987b8c4,6080bf87af2b2061910435588058862b104486d0967075d46b7b72110d520cf0,1530559990
520c7b912011fb0ea474c17b562b11372cf96344a452a398d79b76f4b77dc048,2ecd8059d1fcc4fbc5c77d84975e893ed37c177461be6a954c54e927e8622ff3,1516794036
779f89b324b4ab933ef6f631680cb6de88ff23c78561ed84d4c4134ded0c9a6c,ba99c310b9e7ae8fc11cc010f7c71756e1e00be464407ae4869db1708b3758f8,1515670839
cbd56d55a4c8b2412eeabe8fc0d7ca66fd16419f92563c5269efbe14919cb5e2,765097265d68a08e41d7bc0b112b874974d73d622c09f3081aa013cb96bfa5f3,1531690615
3adc8380dea4604872a990296c396cb35c70a40d21312c5f23975710d3b448e0,6044a6537a269f9e3c7237915f51157dd1b2cf528c189c5a2c219f83259eb594,1519468869
e9036325f3cd83d668a4e5eb95e3ded96c7216d423f2498b2d44d611377b1ba4,c492b476f037ad9f09c2de87479e09485e11313ca6a3908b6bbaca436a2ee9b9,1528418813
0bb941428d4adbd19419cedadf1dac2b4213ab1a9bd9d632915a2be318f00188,765097265d68a08e41d7bc0b112b874974d73d622c09f3081aa013cb96bfa5f3,1514835064
247b518f7ccd5189588df4ad28dc2bd9b9ea067ccd481d3018a3ae3bf8560578,3b892cc2bebfbbe42bcdfacb3cf2c3e1365bf6b551bb6c9a40ffc39d680afe86,1519205594
cbd56d55a4c8b2412eeabe8fc0d7ca66fd16419f92563c5269efbe14919cb5e2,85dcc68d58a3f3f606ab8ae4601286d5548f15cb23986b6b6eb4251c88fa41ad,1516102010
38b4d27b1c84aec2aed786410e236d049c81d7aa82c3535dafd69835fc523400,69016ea860663b95f9d0cc58817363303004a32fc9957f9d79e7893e4084881d,1530220486
cb779fc78b1a0fae5c2af78cdbf2ea75b7f28a571ee7e06ccd745dd41f00b421,ba99c310b9e7ae8fc11cc010f7c71756e1e00be464407ae4869db1708b3758f8,1522229487
9927dd89ef4434b1c9d71aad2ca4e75f20145e925d95b3d2722d4a31e56afd9e,8296c9fe1dd12b208397fb80bba9f8e5c5d35d1d1be7c38737a22f75340edc76,1521097311
cb25cadca973c93a97c7a23e3a87eee5b5b1332e606df624223b2cb833b50b13,d7d7cbb4d088b5964b985613b21725a534cff15efa9281ab2a5a411543489a71,1529834761
01a26043d6e6ed360fbe34830ed46ebd9d40cd50b4bc5661172143a31ba3bacb,e29a99a4a3503f1fe66744a09773414c19b5e83a0b39b22c36e4bfc95aa154de,1528547885
766ad4d42457703c52b0e80141080d437650169d3ed5fea384f4e8d065e14695,6044a6537a269f9e3c7237915f51157dd1b2cf528c189c5a2c219f83259eb594,1521316335
8d0d72cf979eca6c5af2c9e88e0ca4f718ed2dc948537c08c760b0dec52b23dc,34693b2c53fac741717c7eeb8b95aa21143bd3aac6cc7fa437df3eac21f3f1d4,1519126452
24432e122d7f69b4052213e434e335bc589c9804d09b3ae81af67f2623fa704d,17cd52f27d74444ba4804d020446eb3895b5ab2f67c754395f706bddc97cb859,1523101917
0bb941428d4adbd19419cedadf1dac2b4213ab1a9bd9d632915a2be318f00188,c492b476f037ad9f09c2de87479e09485e11313ca6a3908b6bbaca436a2ee9b9,1532084953
3373a92b56fdeab9d60c185cfc2d87f6f6ca6fb486e236a4ac6dbd0615b530f4,c0d3c66b08b45c28dab0d9fa72dc2ce508a18ffaae40fea997f40e2738a2786a,1524569059
380fd5d755ffa185bafdba3a003f263524d51901f0974ef1e03ebba67c6dee16,c0d3c66b08b45c28dab0d9fa72dc2ce508a18ffaae40fea997f40e2738a2786a,1524830595
32e72753cf9bd0dc54f059525bc1007d64e9abdb8af62fb9c3514a5420bc0f72,b3a5c7c4e22068066e9d95e2c3df8723b7c2100c4864574831019688ffbab145,1532849273
380fd5d755ffa185bafdba3a003f263524d51901f0974ef1e03ebba67c6dee16,c0d3c66b08b45c28dab0d9fa72dc2ce508a18ffaae40fea997f40e2738a2786a,1526573413
520c7b912011fb0ea474c17b562b11372cf96344a452a398d79b76f4b77dc048,37a5821f758f4f076f73381cdc210eb7302f75670dd3fe77a96894b0280f307e,1524563249
585190b33cf6e497482b8128e99eff2131478b1ff0319c0a7bb84c7c7fdb854f,b3a5c7c4e22068066e9d95e2c3df8723b7c2100c4864574831019688ffbab145,1528719988
1f803f494c3831d00e8cfa9476ea4856b6ab32fbe0fd00b49d4fe8f911875471,c259efabc5c696bb45b1923fb302fe7d5a1e69ff3251ec5cedba8c5691fc9932,1526388244
6ce4b30299050a3b132843d73cce487e112e31bdce93d198d470cedf1cd729cb,8118e13eb2b4595f304db3a04b2923e535265cbefc0c63121174d3fb3b76ddb4,1534036681
38b4d27b1c84aec2aed786410e236d049c81d7aa82c3535dafd69835fc523400,6080bf87af2b2061910435588058862b104486d0967075d46b7b72110d520cf0,1532784042
cb25cadca973c93a97c7a23e3a87eee5b5b1332e606df624223b2cb833b50b13,30cda95db0bcf0c657900ac182173ec22ce3906c881de8b3c4cc603b436d2191,1518690099
f3bfede2b39e2cc387fdc7a096807202b7e7c0272dfe793f9bf823f9f61f1b9e,ba99c310b9e7ae8fc11cc010f7c71756e1e00be464407ae4869db1708b3758f8,1531054351
512a2f1404d88610d764dabdb1bc93daad7cde5c2f1846ae7c483bb93f0d038b,b3a5c7c4e22068066e9d95e2c3df8723b7c2100c4864574831019688ffbab145,1522162589
01a26043d6e6ed360fbe34830ed46ebd9d40cd50b4bc5661172143a31ba3bacb,cdc825cdaaa7d9476655fc8b50c4b83e20d72c5aaae92d35991dfe2d9ddd23b3,1524460701
9927dd89ef4434b1c9d71aad2ca4e75f20145e925d95b3d2722d4a31e56afd9e,2ecd8059d1fcc4fbc5c77d84975e893ed37c177461be6a954c54e927e8622ff3,1518358280
793265aab49c964659ed2a81d44fd5e9aa93b85c5a191cb62c31bbedfdc35a9a,b3a5c7c4e22068066e9d95e2c3df8723b7c2100c4864574831019688ffbab145,1528214720
8d0d72cf979eca6c5af2c9e88e0ca4f718ed2dc948537c08c760b0dec52b23dc,3d4632a10e4a3127a8dda058f55a086ec88b91d02e15e84e5a3c9fc5de1d6a76,1527160939
66ec5a78515930880bef0b9ca48a8c7b0e3d21a400cbd315096e5ffe7c23edb8,529ea336c479c49f83c8e3bab0b34c6ef22e8ec35013faa1435283e0c728223c,1527938069
102766cdef1b5a1e50309df03a0366ebec3a048cc430159f591405a103cd6814,765097265d68a08e41d7bc0b112b874974d73d622c09f3081aa013cb96bfa5f3,1533028025
6914b3e9c4508debb26ad85782eee340222dfb97efbf9e7dcb79a768fe9d132b,6080bf87af2b2061910435588058862b104486d0967075d46b7b72110d520cf0,1524451574
3f923f9e9d12e1b86bd8cee3fe5286cd355c2124496bf5427f09e481566ee4d6,765097265d68a08e41d7bc0b112b874974d73d622c09f3081aa013cb96bfa5f3,1521663665
cb779fc78b1a0fae5c2af78cdbf2ea75b7f28a571ee7e06ccd745dd41f00b421,3dda610311b9750f78878d68ad9a8aa12e4f88f93cdae82b771c4199dc690187,1526226534
1f803f494c3831d00e8cfa9476ea4856b6ab32fbe0fd00b49d4fe8f911875471,9ed0340d34ef514f3776d02ecfbaa5b380f79b5024e1e32cb93d407229746343,1520455532
32e72753cf9bd0dc54f059525bc1007d64e9abdb8af62fb9c3514a5420bc0f72,89a2a250c4fc378537e493e8cfa8e2e67ec7b4bff52dcc693c6a2afdb7f69b9f,1517214460
0bb941428d4adbd19419cedadf1dac2b4213ab1a9bd9d632915a2be318f00188,3d4632a10e4a3127a8dda058f55a086ec88b91d02e15e84e5a3c9fc5de1d6a76,1523391061
3adc8380dea4604872a990296c396cb35c70a40d21312c5f23975710d3b448e0,abc02fc11520c7de51037ca3b11b004f1ab2ab010b5084888f6011c94114c81d,1520123604
36dc5e51c24c544b829b47eecf8fc780c3612910cdb0b87693e2fec2c987b8c4,c0d3c66b08b45c28dab0d9fa72dc2ce508a18ffaae40fea997f40e2738a2786a,1524366157
380fd5d755ffa185bafdba3a003f263524d51901f0974ef1e03ebba67c6dee16,044778464e4105a3362c9125f5055bb28f69ab27108ff24a94ab037df4411279,1519241874
9652921b6dca8354f5a26e5322835ae1ca02ae8d60e0ff71cf96fe42b411e030,56ac3a65723f33e6f54f86318497bde2469750aa4e4e0aeb6f484bcb1db2a640,1516672217
d87d123e85a684348ede24be2ffee487dd640c4f131702019233d4ba491dd7fd,cad54cf728084c29159e6de13e7e4f5840d624786cc00d04e7c4aa094ad4a4bc,1527001750
9927dd89ef4434b1c9d71aad2ca4e75f20145e925d95b3d2722d4a31e56afd9e,76d3b4527a4dbc3cb9e9e749348694a60890e0ebdbb8ee69c9fb342637ad8c16,1526288156
38b4d27b1c84aec2aed786410e236d049c81d7aa82c3535dafd69835fc523400,3ff265e0d5d20da8a3414e2f49b941ba84c01ca5962f3adf3e4e49f792781d06,1533849471
9a57cdef47faff55cd825b1bf0521e23de60a21f7324e33038e5a698ad075fb8,f4ed7968d5e346cf43c8dcb25cbc42827718e4a0e79843e52777ebc921f1fae9,1519200166
c2c28225811bc6181b9b5e2ae68c2784e20c6504d31dd25e56164e1f34fbce08,2ecd8059d1fcc4fbc5c77d84975e893ed37c177461be6a954c54e927e8622ff3,1519449514
01a26043d6e6ed360fbe34830ed46ebd9d40cd50b4bc5661172143a31ba3bacb,053978a71409d087b34ab8cd786ae3d59d931dba6d10dc0aef171a7f827931c9,1526115341
585190b33cf6e497482b8128e99eff2131478b1ff0319c0a7bb84c7c7fdb854f,34693b2c53fac741717c7eeb8b95aa21143bd3aac6cc7fa437df3eac21f3f1d4,1533417945
d87d123e85a684348ede24be2ffee487dd640c4f131702019233d4ba491dd7fd,6080bf87af2b2061910435588058862b104486d0967075d46b7b72110d520cf0,1530927092
247b518f7ccd5189588df4ad28dc2bd9b9ea067ccd481d3018a3ae3bf8560578,b3a5c7c4e22068066e9d95e2c3df8723b7c2100c4864574831019688ffbab145,1527288983
35d3951777ed72e4b96e179f662bbc69ebd39cacdbb6dd79feaacd7d5e84e346,6080bf87af2b2061910435588058862b104486d0967075d46b7b72110d520cf0,1530285560
5d43f12c82b30cd5a54fecf35ec2afcdea8cd5dacae3705b9a7b15c4c9f4bd8f,69016ea860663b95f9d0cc58817363303004a32fc9957f9d79e7893e4084881d,1517547929
01a26043d6e6ed360fbe34830ed46ebd9d40cd50b4bc5661172143a31ba3bacb,b3a5c7c4e22068066e9d95e2c3df8723b7c2100c4864574831019688ffbab145,1527155244
102766cdef1b5a1e50309df03a0366ebec3a048cc430159f591405a103cd6814,2ecd8059d1fcc4fbc5c77d84975e893ed37c177461be6a954c54e927e8622ff3,1524744654
f76e7194d132d9618ae4dab4cb2dbc85b0cf2132efbb90726ed128b2cf557c3d,cad54cf728084c29159e6de13e7e4f5840d624786cc00d04e7c4aa094ad4a4bc,1520170069
72ed0d168284df490089e6ef337ef09f792bb176e113b2dcf234b2546ae8819d,5580a047302dbddeec982629951012e0c3b81088a9042571c3c63d606ca22a6e,1533033256
ba46aa96bed7104dd7ad14704519d12ed13cb9fc6bd5aba3aed74a3edfc6623b,69016ea860663b95f9d0cc58817363303004a32fc9957f9d79e7893e4084881d,1531061152
0bb941428d4adbd19419cedadf1dac2b4213ab1a9bd9d632915a2be318f00188,9ed0340d34ef514f3776d02ecfbaa5b380f79b5024e1e32cb93d407229746343,1529547545
3adc8380dea4604872a990296c396cb35c70a40d21312c5f23975710d3b448e0,c492b476f037ad9f09c2de87479e09485e11313ca6a3908b6bbaca436a2ee9b9,1516593347
cb779fc78b1a0fae5c2af78cdbf2ea75b7f28a571ee7e06ccd745dd41f00b421,d7d7cbb4d088b5964b985613b21725a534cff15efa9281ab2a5a411543489a71,1517156250
6ee213d7e060584499810e8cdd35c622fb9c6307492dd612d77be3cdd2890ac3,e913c0cdbed32d60ce7e7b9fa225bb5655a0c2037733d82159ee49139daf30ab,1529953521
37fc0cd75db3fc54cb69cb2d637a5896b0670fe74a85f5a4eeb9e200b1211fb4,3d4632a10e4a3127a8dda058f55a086ec88b91d02e15e84e5a3c9fc5de1d6a76,1534263218
6ee213d7e060584499810e8cdd35c622fb9c6307492dd612d77be3cdd2890ac3,69016ea860663b95f9d0cc58817363303004a32fc9957f9d79e7893e4084881d,1528996935
35d3951777ed72e4b96e179f662bbc69ebd39cacdbb6dd79feaacd7d5e84e346,529ea336c479c49f83c8e3bab0b34c6ef22e8ec35013faa1435283e0c728223c,1529429323
36dc5e51c24c544b829b47eecf8fc780c3612910cdb0b87693e2fec2c987b8c4,529ea336c479c49f83c8e3bab0b34c6ef22e8ec35013faa1435283e0c728223c,1531803524
43dab768451e98474f7b3aabf4d8c4e815fa8f03b754225305bc4da5f142fb77,aebd45c6be353fc7c4a85693a6b947f7aedbf2bf2b811f9b3e16f7a9002e11e4,1526121839
cb779fc78b1a0fae5c2af78cdbf2ea75b7f28a571ee7e06ccd745dd41f00b421,d7d7cbb4d088b5964b985613b21725a534cff15efa9281ab2a5a411543489a71,1533529019
9927dd89ef4434b1c9d71aad2ca4e75f20145e925d95b3d2722d4a31e56afd9e,d660db6bde2a0e93b2651854e414dfe0a1fd53e2e5c419dcc476e8b8d63683c7,1523381227
d87d123e85a684348ede24be2ffee487dd640c4f131702019233d4ba491dd7fd,765097265d68a08e41d7bc0b112b874974d73d622c09f3081aa013cb96bfa5f3,1525399111
925cf45de5a43be67b6df1be862d2c584a0f3c4fb2d697ba79216fb24e0139e4,131d9a80aefc55e61afbfe7e69dd4619dc8e71f9df379d2f0f8ac47d9edaa375,1534533604
2d36a12259d6a951f571b00fea26d74c250eddee031ca079b48ef5bc68236f57,3b892cc2bebfbbe42bcdfacb3cf2c3e1365bf6b551bb6c9a40ffc39d680afe86,1533574307
380fd5d755ffa185bafdba3a003f263524d51901f0974ef1e03ebba67c6dee16,8296c9fe1dd12b208397fb80bba9f8e5c5d35d1d1be7c38737a22f75340edc76,1526814604
32e72753cf9bd0dc54f059525bc1007d64e9abdb8af62fb9c3514a5420bc0f72,8118e13eb2b4595f304db3a04b2923e535265cbefc0c63121174d3fb3b76ddb4,1531053415
f76e7194d132d9618ae4dab4cb2dbc85b0cf2132efbb90726ed128b2cf557c3d,34693b2c53fac741717c7eeb8b95aa21143bd3aac6cc7fa437df3eac21f3f1d4,1532481582
512a2f1404d88610d764dabdb1bc93daad7cde5c2f1846ae7c483bb93f0d038b,cad54cf728084c29159e6de13e7e4f5840d624786cc00d04e7c4aa094ad4a4bc,1515530380
26a32db2c8eb5d418141ae6f5b974f0bbdaa2ac259f21d75e18ca388ad9b218e,044778464e4105a3362c9125f5055bb28f69ab27108ff24a94ab037df4411279,1529181515
766ad4d42457703c52b0e80141080d437650169d3ed5fea384f4e8d065e14695,d660db6bde2a0e93b2651854e414dfe0a1fd53e2e5c419dcc476e8b8d63683c7,1527151124
512a2f1404d88610d764dabdb1bc93daad7cde5c2f1846ae7c483bb93f0d038b,be30db6a86422aa22b6b0253eee5d26d544c61c4d80884cb9c8846b34b79867f,1516096616
3adc8380dea4604872a990296c396cb35c70a40d21312c5f23975710d3b448e0,2ecd8059d1fcc4fbc5c77d84975e893ed37c177461be6a954c54e927e8622ff3,1520397775
99f280951ea77aa3b3c5a0def79d976644d46d199878f799b079c10eb8c8ebd0,c492b476f037ad9f09c2de87479e09485e11313ca6a3908b6bbaca436a2ee9b9,1518967127
3a54508ad4ff7a62fbca5f753919709565faefb679ddfbff55015145610715f6,6080bf87af2b2061910435588058862b104486d0967075d46b7b72110d520cf0,1523972999
a20793049497afa2239301b8b9ec3e2152f8560536da09bd88a719c46d6deee8,69016ea860663b95f9d0cc58817363303004a32fc9957f9d79e7893e4084881d,1520575081
2f491f7448fafe856484973e8ee3cbd8ddaea73f0b6c732ae3a8183071477437,40d20375505baf91da5307b07ea58f76aa7757d35cec37ee229768df0f0e9088,1521739202
cbd56d55a4c8b2412eeabe8fc0d7ca66fd16419f92563c5269efbe14919cb5e2,f4ed7968d5e346cf43c8dcb25cbc42827718e4a0e79843e52777ebc921f1fae9,1526406561
8d0d72cf979eca6c5af2c9e88e0ca4f718ed2dc948537c08c760b0dec52b23dc,044778464e4105a3362c9125f5055bb28f69ab27108ff24a94ab037df4411279,1523295966
380fd5d755ffa185bafdba3a003f263524d51901f0974ef1e03ebba67c6dee16,8296c9fe1dd12b208397fb80bba9f8e5c5d35d1d1be7c38737a22f75340edc76,1523217362
520c7b912011fb0ea474c17b562b11372cf96344a452a398d79b76f4b77dc048,17cd52f27d74444ba4804d020446eb3895b5ab2f67c754395f706bddc97cb859,1527709880
24432e122d7f69b4052213e434e335bc589c9804d09b3ae81af67f2623fa704d,e29a99a4a3503f1fe66744a09773414c19b5e83a0b39b22c36e4bfc95aa154de,1525246904
520c7b912011fb0ea474c17b562b11372cf96344a452a398d79b76f4b77dc048,34693b2c53fac741717c7eeb8b95aa21143bd3aac6cc7fa437df3eac21f3f1d4,1533655554
2d36a12259d6a951f571b00fea26d74c250eddee031ca079b48ef5bc68236f57,131d9a80aefc55e61afbfe7e69dd4619dc8e71f9df379d2f0f8ac47d9edaa375,1531053644
1f803f494c3831d00e8cfa9476ea4856b6ab32fbe0fd00b49d4fe8f911875471,76d3b4527a4dbc3cb9e9e749348694a60890e0ebdbb8ee69c9fb342637ad8c16,1525371484
2f491f7448fafe856484973e8ee3cbd8ddaea73f0b6c732ae3a8183071477437,abc02fc11520c7de51037ca3b11b004f1ab2ab010b5084888f6011c94114c81d,1517431546
36dc5e51c24c544b829b47eecf8fc780c3612910cdb0b87693e2fec2c987b8c4,3d4632a10e4a3127a8dda058f55a086ec88b91d02e15e84e5a3c9fc5de1d6a76,1520138755
36dc5e51c24c544b829b47eecf8fc780c3612910cdb0b87693e2fec2c987b8c4,8296c9fe1dd12b208397fb80bba9f8e5c5d35d1d1be7c38737a22f75340edc76,1531446014
1f803f494c3831d00e8cfa9476ea4856b6ab32fbe0fd00b49d4fe8f911875471,e913c0cdbed32d60ce7e7b9fa225bb5655a0c2037733d82159ee49139daf30ab,1525363712
3f923f9e9d12e1b86bd8cee3fe5286cd355c2124496bf5427f09e481566ee4d6,529ea336c479c49f83c8e3bab0b34c6ef22e8ec35013faa1435283e0c728223c,1524748610
793265aab49c964659ed2a81d44fd5e9aa93b85c5a191cb62c31bbedfdc35a9a,9ed0340d34ef514f3776d02ecfbaa5b380f79b5024e1e32cb93d407229746343,1530199083
793265aab49c964659ed2a81d44fd5e9aa93b85c5a191cb62c31bbedfdc35a9a,ba99c310b9e7ae8fc11cc010f7c71756e1e00be464407ae4869db1708b3758f8,1526539100
c2c28225811bc6181b9b5e2ae68c2784e20c6504d31dd25e56164e1f34fbce08,f835d9f0a999484f0a988cd86672317bb159cfd8c6a93aad0ea556ff83c46fb6,1527300009
ba46aa96bed7104dd7ad14704519d12ed13cb9fc6bd5aba3aed74a3edfc6623b,3ff265e0d5d20da8a3414e2f49b941ba84c01ca5962f3adf3e4e49f792781d06,1532958361
cb779fc78b1a0fae5c2af78cdbf2ea75b7f28a571ee7e06ccd745dd41f00b421,abc02fc11520c7de51037ca3b11b004f1ab2ab010b5084888f6011c94114c81d,1530454580
0bb941428d4adbd19419cedadf1dac2b4213ab1a9bd9d632915a2be318f00188,f4ed7968d5e346cf43c8dcb25cbc42827718e4a0e79843e52777ebc921f1fae9,1533218448
1f803f494c3831d00e8cfa9476ea4856b6ab32fbe0fd00b49d4fe8f911875471,30cda95db0bcf0c657900ac182173ec22ce3906c881de8b3c4cc603b436d2191,1527058167
32e72753cf9bd0dc54f059525bc1007d64e9abdb8af62fb9c3514a5420bc0f72,30cda95db0bcf0c657900ac182173ec22ce3906c881de8b3c4cc603b436d2191,1521305364
520c7b912011fb0ea474c17b562b11372cf96344a452a398d79b76f4b77dc048,c259efabc5c696bb45b1923fb302fe7d5a1e69ff3251ec5cedba8c5691fc9932,1515898276
99f280951ea77aa3b3c5a0def79d976644d46d199878f799b079c10eb8c8ebd0,17cd52f27d74444ba4804d020446eb3895b5ab2f67c754395f706bddc97cb859,1533757319
6ee213d7e060584499810e8cdd35c622fb9c6307492dd612d77be3cdd2890ac3,89a2a250c4fc378537e493e8cfa8e2e67ec7b4bff52dcc693c6a2afdb7f69b9f,1534052287
a20793049497afa2239301b8b9ec3e2152f8560536da09bd88a719c46d6deee8,40d20375505baf91da5307b07ea58f76aa7757d35cec37ee229768df0f0e9088,1520844197
6ee213d7e060584499810e8cdd35c622fb9c6307492dd612d77be3cdd2890ac3,89a2a250c4fc378537e493e8cfa8e2e67ec7b4bff52dcc693c6a2afdb7f69b9f,1526689637
520c7b912011fb0ea474c17b562b11372cf96344a452a398d79b76f4b77dc048,3ff265e0d5d20da8a3414e2f49b941ba84c01ca5962f3adf3e4e49f792781d06,1531775262
793265aab49c964659ed2a81d44fd5e9aa93b85c5a191cb62c31bbedfdc35a9a,044778464e4105a3362c9125f5055bb28f69ab27108ff24a94ab037df4411279,1515227299
9a57cdef47faff55cd825b1bf0521e23de60a21f7324e33038e5a698ad075fb8,cad54cf728084c29159e6de13e7e4f5840d624786cc00d04e7c4aa094ad4a4bc,1530703194
cb25cadca973c93a97c7a23e3a87eee5b5b1332e606df624223b2cb833b50b13,89a2a250c4fc378537e493e8cfa8e2e67ec7b4bff52dcc693c6a2afdb7f69b9f,1528230906
a20793049497afa2239301b8b9ec3e2152f8560536da09bd88a719c46d6deee8,529ea336c479c49f83c8e3bab0b34c6ef22e8ec35013faa1435283e0c728223c,1524104237
793265aab49c964659ed2a81d44fd5e9aa93b85c5a191cb62c31bbedfdc35a9a,69016ea860663b95f9d0cc58817363303004a32fc9957f9d79e7893e4084881d,1525821784
9927dd89ef4434b1c9d71aad2ca4e75f20145e925d95b3d2722d4a31e56afd9e,c259efabc5c696bb45b1923fb302fe7d5a1e69ff3251ec5cedba8c5691fc9932,1521117818
f3bfede2b39e2cc387fdc7a096807202b7e7c0272dfe793f9bf823f9f61f1b9e,f4ed7968d5e346cf43c8dcb25cbc42827718e4a0e79843e52777ebc921f1fae9,1519198891
1236477bd6c80948f487c4f5a75acb47f526cbbadb876de7e6bea95dc0af6c8e,044778464e4105a3362c9125f5055bb28f69ab27108ff24a94ab037df4411279,1516730187
3a54508ad4ff7a62fbca5f753919709565faefb679ddfbff55015145610715f6,37a5821f758f4f076f73381cdc210eb7302f75670dd3fe77a96894b0280f307e,1523386987
24432e122d7f69b4052213e434e335bc589c9804d09b3ae81af67f2623fa704d,6044a6537a269f9e3c7237915f51157dd1b2cf528c189c5a2c219f83259eb594,1522133649
a20793049497afa2239301b8b9ec3e2152f8560536da09bd88a719c46d6deee8,abc02fc11520c7de51037ca3b11b004f1ab2ab010b5084888f6011c94114c81d,1528373116
6914b3e9c4508debb26ad85782eee340222dfb97efbf9e7dcb79a768fe9d132b,85dcc68d58a3f3f606ab8ae4601286d5548f15cb23986b6b6eb4251c88fa41ad,1533551177
43dab768451e98474f7b3aabf4d8c4e815fa8f03b754225305bc4da5f142fb77,6080bf87af2b2061910435588058862b104486d0967075d46b7b72110d520cf0,1531617034
512a2f1404d88610d764dabdb1bc93daad7cde5c2f1846ae7c483bb93f0d038b,568bda07ab9aabc1acaf3fdb52b4c6ca0577e78c9b956e39722033be528bdee0,1527781146
37fc0cd75db3fc54cb69cb2d637a5896b0670fe74a85f5a4eeb9e200b1211fb4,30cda95db0bcf0c657900ac182173ec22ce3906c881de8b3c4cc603b436d2191,1517655032
32e72753cf9bd0dc54f059525bc1007d64e9abdb8af62fb9c3514a5420bc0f72,cdc825cdaaa7d9476655fc8b50c4b83e20d72c5aaae92d35991dfe2d9ddd23b3,1524081894
6ee213d7e060584499810e8cdd35c622fb9c6307492dd612d77be3cdd2890ac3,3ff265e0d5d20da8a3414e2f49b941ba84c01ca5962f3adf3e4e49f792781d06,1529548450
e9036325f3cd83d668a4e5eb95e3ded96c7216d423f2498b2d44d611377b1ba4,d660db6bde2a0e93b2651854e414dfe0a1fd53e2e5c419dcc476e8b8d63683c7,1531010113
585190b33cf6e497482b8128e99eff2131478b1ff0319c0a7bb84c7c7fdb854f,053978a71409d087b34ab8cd786ae3d59d931dba6d10dc0aef171a7f827931c9,1530124170
3a54508ad4ff7a62fbca5f753919709565faefb679ddfbff55015145610715f6,568bda07ab9aabc1acaf3fdb52b4c6ca0577e78c9b956e39722033be528bdee0,1528513905
24432e122d7f69b4052213e434e335bc589c9804d09b3ae81af67f2623fa704d,e29a99a4a3503f1fe66744a09773414c19b5e83a0b39b22c36e4bfc95aa154de,1519035766
cb779fc78b1a0fae5c2af78cdbf2ea75b7f28a571ee7e06ccd745dd41f00b421,e913c0cdbed32d60ce7e7b9fa225bb5655a0c2037733d82159ee49139daf30ab,1521374042
585190b33cf6e497482b8128e99eff2131478b1ff0319c0a7bb84c7c7fdb854f,3ff265e0d5d20da8a3414e2f49b941ba84c01ca5962f3adf3e4e49f792781d06,1522710182
cbd56d55a4c8b2412eeabe8fc0d7ca66fd16419f92563c5269efbe14919cb5e2,578596b69ebf2a4d843e5964c9da7e03c9aedf6842c7d9c926ea1d25e6a524c6,1519944870
8d9737db4032c30189056dde75bb9c7f56ee7adc93863c46480af3872a6f94fc,d660db6bde2a0e93b2651854e414dfe0a1fd53e2e5c419dcc476e8b8d63683c7,1531074984
5d43f12c82b30cd5a54fecf35ec2afcdea8cd5dacae3705b9a7b15c4c9f4bd8f,aebd45c6be353fc7c4a85693a6b947f7aedbf2bf2b811f9b3e16f7a9002e11e4,1519055671
cbd56d55a4c8b2412eeabe8fc0d7ca66fd16419f92563c5269efbe14919cb5e2,56ac3a65723f33e6f54f86318497bde2469750aa4e4e0aeb6f484bcb1db2a640,1534099354
247b518f7ccd5189588df4ad28dc2bd9b9ea067ccd481d3018a3ae3bf8560578,eca85e87cd4ef5e8ed5fece1173c3d9a1a1f131222ffa1f118e41ed29c6abc62,1531555327
43dab768451e98474f7b3aabf4d8c4e815fa8f03b754225305bc4da5f142fb77,f495d08f788d46a2356f45426923192846caa0ea6b94f1400c1a9bbee814c7e5,1517245207
66ec5a78515930880bef0b9ca48a8c7b0e3d21a400cbd315096e5ffe7c23edb8,ba99c310b9e7ae8fc11cc010f7c71756e1e00be464407ae4869db1708b3758f8,1534564965
925cf45de5a43be67b6df1be862d2c584a0f3c4fb2d697ba79216fb24e0139e4,d660db6bde2a0e93b2651854e414dfe0a1fd53e2e5c419dcc476e8b8d63683c7,1524351918
37fc0cd75db3fc54cb69cb2d637a5896b0670fe74a85f5a4eeb9e200b1211fb4,e913c0cdbed32d60ce7e7b9fa225bb5655a0c2037733d82159ee49139daf30ab,1518953883
24432e122d7f69b4052213e434e335bc589c9804d09b3ae81af67f2623fa704d,eca85e87cd4ef5e8ed5fece1173c3d9a1a1f131222ffa1f118e41ed29c6abc62,1515029281
32e72753cf9bd0dc54f059525bc1007d64e9abdb8af62fb9c3514a5420bc0f72,8296c9fe1dd12b208397fb80bba9f8e5c5d35d1d1be7c38737a22f75340edc76,1519324528
cb25cadca973c93a97c7a23e3a87eee5b5b1332e606df624223b2cb833b50b13,bc1e4b5439349a9b19a5202cfd843b47d66a4ab2db581880671aa8ea5c06c79a,1527084755
f3bfede2b39e2cc387fdc7a096807202b7e7c0272dfe793f9bf823f9f61f1b9e,3d4632a10e4a3127a8dda058f55a086ec88b91d02e15e84e5a3c9fc5de1d6a76,1521925806
37fc0cd75db3fc54cb69cb2d637a5896b0670fe74a85f5a4eeb9e200b1211fb4,30cda95db0bcf0c657900ac182173ec22ce3906c881de8b3c4cc603b436d2191,1530707571
43dab768451e98474f7b3aabf4d8c4e815fa8f03b754225305bc4da5f142fb77,e913c0cdbed32d60ce7e7b9fa225bb5655a0c2037733d82159ee49139daf30ab,1525194708
66ec5a78515930880bef0b9ca48a8c7b0e3d21a400cbd315096e5ffe7c23edb8,578596b69ebf2a4d843e5964c9da7e03c9aedf6842c7d9c926ea1d25e6a524c6,1522825545
36dc5e51c24c544b829b47eecf8fc780c3612910cdb0b87693e2fec2c987b8c4,be30db6a86422aa22b6b0253eee5d26d544c61c4d80884cb9c8846b34b79867f,1516628196
26a32db2c8eb5d418141ae6f5b974f0bbdaa2ac259f21d75e18ca388ad9b218e,34693b2c53fac741717c7eeb8b95aa21143bd3aac6cc7fa437df3eac21f3f1d4,1532843894
8d9737db4032c30189056dde75bb9c7f56ee7adc93863c46480af3872a6f94fc,e913c0cdbed32d60ce7e7b9fa225bb5655a0c2037733d82159ee49139daf30ab,1520970988
9652921b6dca8354f5a26e5322835ae1ca02ae8d60e0ff71cf96fe42b411e030,568bda07ab9aabc1acaf3fdb52b4c6ca0577e78c9b956e39722033be528bdee0,1514882773
37fc0cd75db3fc54cb69cb2d637a5896b0670fe74a85f5a4eeb9e200b1211fb4,30cda95db0bcf0c657900ac182173ec22ce3906c881de8b3c4cc603b436d2191,1518034688
585190b33cf6e497482b8128e99eff2131478b1ff0319c0a7bb84c7c7fdb854f,85dcc68d58a3f3f606ab8ae4601286d5548f15cb23986b6b6eb4251c88fa41ad,1530769390
3adc8380dea4604872a990296c396cb35c70a40d21312c5f23975710d3b448e0,40d20375505baf91da5307b07ea58f76aa7757d35cec37ee229768df0f0e9088,1514922972
3a54508ad4ff7a62fbca5f753919709565faefb679ddfbff55015145610715f6,3ff265e0d5d20da8a3414e2f49b941ba84c01ca5962f3adf3e4e49f792781d06,1530598274
a20793049497afa2239301b8b9ec3e2152f8560536da09bd88a719c46d6deee8,89a2a250c4fc378537e493e8cfa8e2e67ec7b4bff52dcc693c6a2afdb7f69b9f,1532896756
6ee213d7e060584499810e8cdd35c622fb9c6307492dd612d77be3cdd2890ac3,6044a6537a269f9e3c7237915f51157dd1b2cf528c189c5a2c219f83259eb594,1515440462
f3bfede2b39e2cc387fdc7a096807202b7e7c0272dfe793f9bf823f9f61f1b9e,e913c0cdbed32d60ce7e7b9fa225bb5655a0c2037733d82159ee49139daf30ab,1522405471
cbd56d55a4c8b2412eeabe8fc0d7ca66fd16419f92563c5269efbe14919cb5e2,b37bfa04523147b7e243fd04a64bef5bb5520f2a35ee5bf0fe3e2e98699e15ea,1518196858
102766cdef1b5a1e50309df03a0366ebec3a048cc430159f591405a103cd6814,f4ed7968d5e346cf43c8dcb25cbc42827718e4a0e79843e52777ebc921f1fae9,1523455570
f76e7194d132d9618ae4dab4cb2dbc85b0cf2132efbb90726ed128b2cf557c3d,3ff265e0d5d20da8a3414e2f49b941ba84c01ca5962f3adf3e4e49f792781d06,1515928277
0bb941428d4adbd19419cedadf1dac2b4213ab1a9bd9d632915a2be318f00188,e913c0cdbed32d60ce7e7b9fa225bb5655a0c2037733d82159ee49139daf30ab,1525574558
32e72753cf9bd0dc54f059525bc1007d64e9abdb8af62fb9c3514a5420bc0f72,56ac3a65723f33e6f54f86318497bde2469750aa4e4e0aeb6f484bcb1db2a640,1533215204
9652921b6dca8354f5a26e5322835ae1ca02ae8d60e0ff71cf96fe42b411e030,be30db6a86422aa22b6b0253eee5d26d544c61c4d80884cb9c8846b34b79867f,1525902397
f3bfede2b39e2cc387fdc7a096807202b7e7c0272dfe793f9bf823f9f61f1b9e,17cd52f27d74444ba4804d020446eb3895b5ab2f67c754395f706bddc97cb859,1527729569
1f803f494c3831d00e8cfa9476ea4856b6ab32fbe0fd00b49d4fe8f911875471,2ecd8059d1fcc4fbc5c77d84975e893ed37c177461be6a954c54e927e8622ff3,1523266504
1f803f494c3831d00e8cfa9476ea4856b6ab32fbe0fd00b49d4fe8f911875471,bc1e4b5439349a9b19a5202cfd843b47d66a4ab2db581880671aa8ea5c06c79a,1532528593
f3bfede2b39e2cc387fdc7a096807202b7e7c0272dfe793f9bf823f9f61f1b9e,f835d9f0a999484f0a988cd86672317bb159cfd8c6a93aad0ea556ff83c46fb6,1525579817
1236477bd6c80948f487c4f5a75acb47f526cbbadb876de7e6bea95dc0af6c8e,c492b476f037ad9f09c2de87479e09485e11313ca6a3908b6bbaca436a2ee9b9,1531190148
6ee213d7e060584499810e8cdd35c622fb9c6307492dd612d77be3cdd2890ac3,3b892cc2bebfbbe42bcdfacb3cf2c3e1365bf6b551bb6c9a40ffc39d680afe86,1531265795
6914b3e9c4508debb26ad85782eee340222dfb97efbf9e7dcb79a768fe9d132b,aebd45c6be353fc7c4a85693a6b947f7aedbf2bf2b811f9b3e16f7a9002e11e4,1527470558
ba46aa96bed7104dd7ad14704519d12ed13cb9fc6bd5aba3aed74a3edfc6623b,8296c9fe1dd12b208397fb80bba9f8e5c5d35d1d1be7c38737a22f75340edc76,1532072212
3a54508ad4ff7a62fbca5f753919709565faefb679ddfbff55015145610715f6,34693b2c53fac741717c7eeb8b95aa21143bd3aac6cc7fa437df3eac21f3f1d4,1515708208
cb25cadca973c93a97c7a23e3a87eee5b5b1332e606df624223b2cb833b50b13,be30db6a86422aa22b6b0253eee5d26d544c61c4d80884cb9c8846b34b79867f,1526662750
1f803f494c3831d00e8cfa9476ea4856b6ab32fbe0fd00b49d4fe8f911875471,c492b476f037ad9f09c2de87479e09485e11313ca6a3908b6bbaca436a2ee9b9,1525331927
72ed0d168284df490089e6ef337ef09f792bb176e113b2dcf234b2546ae8819d,044778464e4105a3362c9125f5055bb28f69ab27108ff24a94ab037df4411279,1533218916
cb25cadca973c93a97c7a23e3a87eee5b5b1332e606df624223b2cb833b50b13,f495d08f788d46a2356f45426923192846caa0ea6b94f1400c1a9bbee814c7e5,1532067650
ba46aa96bed7104dd7ad14704519d12ed13cb9fc6bd5aba3aed74a3edfc6623b,2ecd8059d1fcc4fbc5c77d84975e893ed37c177461be6a954c54e927e8622ff3,1530221791
26a32db2c8eb5d418141ae6f5b974f0bbdaa2ac259f21d75e18ca388ad9b218e,6080bf87af2b2061910435588058862b104486d0967075d46b7b72110d520cf0,1523179094
43dab768451e98474f7b3aabf4d8c4e815fa8f03b754225305bc4da5f142fb77,f495d08f788d46a2356f45426923192846caa0ea6b94f1400c1a9bbee814c7e5,1518920733
